Register_Record_ID,Country,Business_Identifier,Registered_Name,Trading_Name,Registration_Status,Registration_Date,Record_Last_Updated,Registered_Address,Lookup_Status,Lookup_Message,Synthetic_Only
REG-AU-001,AU,AU-DEMO-BIZ-1001,Wattle Ridge Demo Networks Pty Ltd,Wattle Ridge Networks,ACTIVE,2019-05-09T18:30:00.000Z,2026-08-30T18:30:00.000Z,"1 Prototype Avenue, Synthetic Harbour NSW 2999",SUCCESS,Synthetic register response returned.,true
REG-NZ-002,NZ,NZ-DEMO-BIZ-2001,Kauri Harbour Demo Digital Limited,Kauri Harbour Digital,ACTIVE,2020-02-19T18:30:00.000Z,2026-08-30T18:30:00.000Z,"2 Prototype Quay, Demo Harbour, Auckland 0999",SUCCESS,Synthetic register response returned.,true
REG-AU-003,AU,AU-DEMO-BIZ-1002,Bluegum Vector Demo Pty Ltd,Bluegum Vector,ACTIVE,2018-11-02T18:30:00.000Z,2026-08-30T18:30:00.000Z,"3 Sample Circuit, Fictional Park VIC 3999",SUCCESS,Synthetic register response returned.,true
REG-NZ-004,NZ,NZ-DEMO-BIZ-2002,Tui Peak Demo Services Limited,Tui Peak Services,INACTIVE,2017-07-11T18:30:00.000Z,2026-08-30T18:30:00.000Z,"4 Example Terrace, Test Valley, Wellington 0998",SUCCESS,Synthetic register response returned.,true
REG-AU-005,AU,AU-DEMO-BIZ-1003,Coral Grid Demo Solutions Pty Ltd,Coral Grid Solutions,ACTIVE,2021-01-17T18:30:00.000Z,2026-08-30T18:30:00.000Z,"5 Sandbox Road, Model Bay QLD 4999",SUCCESS,Synthetic register response returned.,true
REG-NZ-006,NZ,NZ-DEMO-BIZ-2003,Fernline Demo Mobility Limited,Fernline Mobility,ACTIVE,2022-06-14T18:30:00.000Z,2026-08-30T18:30:00.000Z,"6 Fiction Lane, Prototype Plains, Christchurch 8999",SUCCESS,Synthetic register response returned.,true
REG-AU-007,AU,AU-DEMO-BIZ-1004,,,UNKNOWN,2020-09-08T18:30:00.000Z,2026-08-30T18:30:00.000Z,,UNAVAILABLE,Simulated registry timeout; no conclusion can be drawn.,true
REG-AU-008,AU,AU-DEMO-BIZ-1005,Harbour Quartz Demo Consulting Pty Ltd,Harbour Quartz Consulting,ACTIVE,2016-03-27T18:30:00.000Z,2026-08-30T18:30:00.000Z,"8 Trial Boulevard, Demo District WA 6999",SUCCESS,Synthetic register response returned.,true
REG-NZ-009,NZ,NZ-DEMO-BIZ-2004,Aoraki Lantern Demo Limited,Aoraki Lantern,ACTIVE,2023-03-31T18:30:00.000Z,2026-08-30T18:30:00.000Z,"9 Simulation Way, Test Coast, Dunedin 9998",SUCCESS,Synthetic register response returned.,true
REG-AU-010,AU,AU-DEMO-BIZ-1006,Red Earth Demo Logistics Pty Ltd,Red Earth Logistics,ACTIVE,2015-12-03T18:30:00.000Z,2026-08-30T18:30:00.000Z,"10 Example Drive, Fiction Junction NT 0997",SUCCESS,Synthetic register response returned.,true