communication_id,case_run_id,audience,template_id,subject,body,status,approval_required,created_at,approved_at,sent_at
COMM-AUTH-002-V1-INITIAL,AUTH-002,CUSTOMER,TPL-NMI,Additional information required for request AUTH-002,We are unable to complete the prototype assessment because the following information is missing or insufficient: AUTHORITY_LETTER. Please provide the requested information against reference AUTH-002. The case will remain paused until the information is received.,DRAFT,true,2026-09-28T09:52:57.004Z,,
COMM-AUTH-004-V1-INITIAL,AUTH-004,CUSTOMER,TPL-REJECT,Update on authorised representative request AUTH-004,The prototype assessment identified a confirmed condition that prevents the request from progressing under the current demonstration rules. A human reviewer must confirm the final disposition. Reference: AUTH-004. This prototype has not made or executed a production decision.,DRAFT,true,2026-09-28T07:30:17.349Z,,
COMM-AUTH-004-V1-HUMAN,AUTH-004,CUSTOMER,TPL-APPROVE,Your authorised representative request AUTH-004 is ready to proceed,"Thank you for your submission. The prototype assessment found that the mandatory business, identity, authority, system, financial, and final-verification checks were completed successfully. Your request is eligible to proceed to the next operational step. This prototype has not updated any production system.",DRAFT,true,2026-09-26T17:33:59.775Z,,
COMM-AUTH-008-V1-V1-INITIAL,AUTH-008-V1,CUSTOMER,TPL-NMI,Additional information required for request AUTH-008-V1,We are unable to complete the prototype assessment because the following information is missing or insufficient: None. Please provide the requested information against reference AUTH-008-V1. The case will remain paused until the information is received.,DRAFT,true,2026-09-27T14:02:42.461Z,,
COMM-AUTH-008-V2-V2-INITIAL,AUTH-008-V2,CUSTOMER,TPL-APPROVE,Your authorised representative request AUTH-008-V2 is ready to proceed,"Thank you for your submission. The prototype assessment found that the mandatory business, identity, authority, system, financial, and final-verification checks were completed successfully. Your request is eligible to proceed to the next operational step. This prototype has not updated any production system.",DRAFT,true,2026-09-27T09:44:38.140Z,,
COMM-AUTH-005-V1-INITIAL,AUTH-005,CUSTOMER,TPL-MANUAL-REVIEW,Request AUTH-005 requires additional review,Thank you for your submission. The prototype assessment identified information that requires review by an operations specialist. No final adverse decision has been made. We will review the evidence and contact you if further information is required.,DRAFT,true,2026-09-28T09:01:33.821Z,,
COMM-AUTH-006-V1-INITIAL,AUTH-006,CUSTOMER,TPL-REJECT,Update on authorised representative request AUTH-006,The prototype assessment identified a confirmed condition that prevents the request from progressing under the current demonstration rules. A human reviewer must confirm the final disposition. Reference: AUTH-006. This prototype has not made or executed a production decision.,DRAFT,true,2026-09-28T09:02:50.364Z,,
COMM-AUTH-007-V1-INITIAL,AUTH-007,CUSTOMER,TPL-MANUAL-REVIEW,Request AUTH-007 requires additional review,Thank you for your submission. The prototype assessment identified information that requires review by an operations specialist. No final adverse decision has been made. We will review the evidence and contact you if further information is required.,DRAFT,true,2026-09-28T09:03:55.835Z,,
COMM-AUTH-009-V1-INITIAL,AUTH-009,CUSTOMER,TPL-MANUAL-REVIEW,Request AUTH-009 requires additional review,Thank you for your submission. The prototype assessment identified information that requires review by an operations specialist. No final adverse decision has been made. We will review the evidence and contact you if further information is required.,DRAFT,true,2026-09-28T09:54:35.243Z,,
COMM-AUTH-001-V1-INITIAL,AUTH-001,CUSTOMER,TPL-APPROVE,Your authorised representative request AUTH-001 is ready to proceed,"Thank you for your submission. The prototype assessment found that the mandatory business, identity, authority, system, financial, and final-verification checks were completed successfully. Your request is eligible to proceed to the next operational step. This prototype has not updated any production system.",DRAFT,true,2026-09-29T08:13:53.404Z,,
COMM-AUTH-003-V1-INITIAL,AUTH-003,CUSTOMER,TPL-MANUAL-REVIEW,Request AUTH-003 requires additional review,Thank you for your submission. The prototype assessment identified information that requires review by an operations specialist. No final adverse decision has been made. We will review the evidence and contact you if further information is required.,DRAFT,true,2026-09-29T08:18:14.370Z,,