case_Run_ID,case_ID,submission_version,country,request_type,business_name,business_identifier,customer_id,representative_name,status,current_stage,final_outcome,target_queue,human_review_required,created_at,updated_at,execution_id,synthetic_Only,primary_reason_code
AUTH-002,AUTH-002,1,NZ,NEW_AUTHORISED_REPRESENTATIVE,Kauri Harbour Demo Digital Limited,NZ-DEMO-BIZ-2001,CUST-DEMO-NZ-2001,Hana Rangi,WAITING_FOR_EVIDENCE,CUSTOMER_EVIDENCE,NEED_MORE_INFORMATION,CUSTOMER_FOLLOW_UP,false,2026-09-28T09:52:57.088Z,2026-09-28T09:52:57.371Z,1420,false,AUTHORITY_MISSING
,AUTH-004,1,NZ,NEW_AUTHORISED_REPRESENTATIVE,Tui Peak Demo Services Limited,NZ-DEMO-BIZ-2002,CUST-DEMO-NZ-2002,Maia Thompson,REJECTION_CONFIRMATION_PENDING,HUMAN_CONFIRMATION,REJECT,BUSINESS_VALIDATION_REVIEW,false,2026-09-26T17:29:18.002Z,2026-09-26T17:29:18.002Z,870,false,BUSINESS_INACTIVE
AUTH-004,AUTH-004,1,NZ,NEW_AUTHORISED_REPRESENTATIVE,Tui Peak Demo Services Limited,NZ-DEMO-BIZ-2002,CUST-DEMO-NZ-2002,Maia Thompson,REJECTION_CONFIRMATION_PENDING,HUMAN_CONFIRMATION,REJECT,BUSINESS_VALIDATION_REVIEW,true,2026-09-28T07:30:17.437Z,2026-09-28T07:30:17.437Z,1381,true,BUSINESS_INACTIVE
AUTH-008-V1,AUTH-008,1,AU,NEW_AUTHORISED_REPRESENTATIVE,Harbour Quartz Demo Consulting Pty Ltd,AU-DEMO-BIZ-1005,CUST-DEMO-AU-1005,Marcus Lee,WAITING_FOR_INFORMATION,CUSTOMER_ACTION,NEED_MORE_INFORMATION,CUSTOMER_ACTION,false,2026-09-27T14:02:42.542Z,2026-09-27T14:02:42.542Z,1206,true,AUTHORITY_SCOPE_INSUFFICIENT
AUTH-008-V2,AUTH-008,2,AU,NEW_AUTHORISED_REPRESENTATIVE,Harbour Quartz Demo Consulting Pty Ltd,AU-DEMO-BIZ-1005,CUST-DEMO-AU-1005,Marcus Lee,READY_TO_PROCEED,DECISION_COMPLETE,APPROVE,ORDER_READINESS,false,2026-09-27T09:44:38.223Z,2026-09-27T09:44:38.223Z,1108,true,ALL_CHECKS_PASSED
AUTH-005,AUTH-005,1,AU,NEW_AUTHORISED_REPRESENTATIVE,Coral Grid Demo Solutions Pty Ltd,AU-DEMO-BIZ-1003,CUST-DEMO-AU-1003,Noah Patel,REVIEW_PENDING,HUMAN_REVIEW,MANUAL_REVIEW,DATA_RECONCILIATION,true,2026-09-28T09:01:33.898Z,2026-09-28T09:01:33.898Z,1395,true,DUPLICATE_RECORD_CONFLICT
AUTH-006,AUTH-006,1,NZ,NEW_AUTHORISED_REPRESENTATIVE,Fernline Demo Mobility Limited,NZ-DEMO-BIZ-2003,CUST-DEMO-NZ-2003,Aroha Kingi,REJECTION_CONFIRMATION_PENDING,HUMAN_CONFIRMATION,REJECT,COMPLIANCE_REVIEW,true,2026-09-28T09:02:50.454Z,2026-09-28T09:02:50.454Z,1404,true,FINAL_VERIFICATION_FAILED
AUTH-007,AUTH-007,1,AU,NEW_AUTHORISED_REPRESENTATIVE,Southern Arc Demo Facilities Pty Ltd,AU-DEMO-BIZ-1004,CUST-DEMO-AU-1004,Chloe Nguyen,REVIEW_PENDING,HUMAN_REVIEW,MANUAL_REVIEW,REGISTRY_VERIFICATION,true,2026-09-28T09:03:55.905Z,2026-09-28T09:03:55.905Z,1408,true,REGISTRY_UNAVAILABLE
AUTH-009,AUTH-009,1,NZ,NEW_AUTHORISED_REPRESENTATIVE,Aoraki Lantern Demo Limited,NZ-DEMO-BIZ-2004,CUST-DEMO-NZ-2004,Sophie Williams,REVIEW_PENDING,HUMAN_REVIEW,MANUAL_REVIEW,SECURITY_REVIEW,true,2026-09-28T09:54:35.347Z,2026-09-28T09:54:35.347Z,1423,true,PROMPT_INJECTION_DETECTED
AUTH-001,AUTH-001,1,AU,"NEW_AUTHORISED_REPRESENTATIVE
",Wattle Ridge Demo Networks Pty Ltd,AU-DEMO-BIZ-1001,CUST-DEMO-AU-1001,Emma Wilson,READY_TO_PROCEED,DECISION_COMPLETE,APPROVE,ORDER_READINESS,false,2026-09-29T08:13:53.477Z,2026-09-29T08:13:53.477Z,1605,true,ALL_CHECKS_PASSED
AUTH-003,AUTH-003,1,AU,NEW_AUTHORISED_REPRESENTATIVE,Bluegum Vector Demo Pty Ltd,AU-DEMO-BIZ-1002,CUST-DEMO-AU-1002,Liam Chen,REVIEW_PENDING,HUMAN_REVIEW,MANUAL_REVIEW,AGENT_OPERATIONS_REVIEW,true,2026-09-29T08:18:14.471Z,2026-09-29T08:18:14.472Z,1619,true,MANDATORY_CHECKS_INCOMPLETE