CRM_Record_ID,Customer_ID,Country,Business_Identifier,PID,Account_Name,Account_Status,Existing_Authorised_Contact,Contact_Role,Contact_Email,Open_Authority_Request,Duplicate_Group_ID,Data_Consistency_Status,Last_Updated,Synthetic_Only
CRM-AUTH-001,CUST-DEMO-AU-1001,AU,AU-DEMO-BIZ-1001,PID-DEMO-AU-001,Wattle Ridge Demo Networks Pty Ltd,ACTIVE,Olivia Martin,Director,olivia.martin@example.com,NO,,CONSISTENT,2026-08-29T18:30:00.000Z,true
CRM-AUTH-002,CUST-DEMO-NZ-2001,NZ,NZ-DEMO-BIZ-2001,PID-DEMO-NZ-002,Kauri Harbour Demo Digital Limited,ACTIVE,,,,NO,,CONSISTENT,2026-08-29T18:30:00.000Z,true
CRM-AUTH-003,CUST-DEMO-AU-1002,AU,AU-DEMO-BIZ-1002,PID-DEMO-AU-003,Bluegum Vector Demo Pty Ltd,ACTIVE,,,,NO,,CONSISTENT,2026-08-29T18:30:00.000Z,true
CRM-AUTH-004,CUST-DEMO-NZ-2002,NZ,NZ-DEMO-BIZ-2002,PID-DEMO-NZ-004,Tui Peak Demo Services Limited,ACTIVE,,,,NO,,CONSISTENT,2026-08-29T18:30:00.000Z,true
CRM-AUTH-005-A,CUST-DEMO-AU-1003,AU,AU-DEMO-BIZ-1003,PID-DEMO-AU-005A,Coral Grid Demo Solutions Pty Ltd,ACTIVE,Olivia Grant,Director,olivia.grant@example.com,NO,DUP-GRP-005,CONFLICT,2026-08-24T18:30:00.000Z,true
CRM-AUTH-005-B,CUST-DEMO-AU-1003-B,AU,AU-DEMO-BIZ-1003,PID-DEMO-AU-005B,Coral Grid Solutions Group Pty Ltd,ACTIVE,Noah P. Patel,Account Contact,noah.patel@example.com,YES,DUP-GRP-005,CONFLICT,2026-08-28T18:30:00.000Z,true
CRM-AUTH-006,CUST-DEMO-NZ-2003,NZ,NZ-DEMO-BIZ-2003,PID-DEMO-NZ-006,Fernline Demo Mobility Limited,ACTIVE,,,,NO,,CONSISTENT,2026-08-29T18:30:00.000Z,true
CRM-AUTH-007,CUST-DEMO-AU-1004,AU,AU-DEMO-BIZ-1004,PID-DEMO-AU-007,Southern Arc Demo Facilities Pty Ltd,ACTIVE,,,,NO,,CONSISTENT,2026-08-29T18:30:00.000Z,true
CRM-AUTH-008,CUST-DEMO-AU-1005,AU,AU-DEMO-BIZ-1005,PID-DEMO-AU-008,Harbour Quartz Demo Consulting Pty Ltd,ACTIVE,,,,NO,,CONSISTENT,2026-08-29T18:30:00.000Z,true
CRM-AUTH-009,CUST-DEMO-NZ-2004,NZ,NZ-DEMO-BIZ-2004,PID-DEMO-NZ-009,Aoraki Lantern Demo Limited,ACTIVE,,,,NO,,CONSISTENT,2026-08-29T18:30:00.000Z,true
CRM-AUTH-010,CUST-DEMO-AU-1006,AU,AU-DEMO-BIZ-1006,PID-DEMO-AU-010,Red Earth Demo Logistics Pty Ltd,ACTIVE,,,,NO,,CONSISTENT,2026-08-29T18:30:00.000Z,true