decision_id,case_run_id,submission_version,outcome,primary_reason_code,secondary_reason_codes,target_queue,missing_information,conflicts,next_action,customer_safe_summary,internal_summary,communication_template_id,decision_json,created_at,human_review_required
DEC-AUTH-002-1,AUTH-002,1,NEED_MORE_INFORMATION,AUTHORITY_MISSING,AUTHORITY_MISSING,CUSTOMER_ACTION,AUTHORITY_LETTER,,Request an authority document identifying the representative and permitted activities,The assessment cannot be completed until the requested information is supplied.,,TPL-NMI,"{""case_run_id"":""AUTH-002"",""case_id"":""AUTH-002"",""submission_version"":1,""country"":""NZ"",""request_type"":""NEW_AUTHORISED_REPRESENTATIVE"",""business_name"":""Kauri Harbour Demo Digital Limited"",""business_identifier"":""NZ-DEMO-BIZ-2001"",""customer_id"":""CUST-DEMO-NZ-2001"",""representative_name"":""Hana Rangi"",""result_source"":""RUNTIME"",""outcome"":""NEED_MORE_INFORMATION"",""primary_reason_code"":""AUTHORITY_MISSING"",""secondary_reason_codes"":[""AUTHORITY_MISSING""],""human_review_required"":false,""target_queue"":""CUSTOMER_ACTION"",""next_action"":""Request an authority document identifying the representative and permitted activities"",""communication_template_id"":""TPL-NMI"",""applied_rule_id"":""AUTH-002"",""applied_rule_status"":""CONFIRMED_POC"",""governance_control_applied"":false,""triggering_tbd_rule"":null,""missing_information"":[""AUTHORITY_LETTER""],""conflicts"":[],""assumptions_used"":[],""completed_checks"":[{""sequence"":1,""agent_id"":""SBO.05"",""utility_name"":""Document Extraction Agent"",""check_type"":""DOCUMENT_EXTRACTION"",""status"":""FAIL"",""findings"":{""documents_expected"":3,""documents_present"":2,""missing"":[""AUTHORITY_LETTER""],""all_readable"":true},""reason_codes"":[""AUTHORITY_MISSING""],""evidence_references"":[""documents/AUTH-002""],""confidence"":0.99,""human_review_required"":false,""recommended_next_step"":""Request authority letter"",""rule_ids"":[""AUTH-002""],""rule_status_used"":""CONFIRMED_POC""}],""checks_not_run"":[""BUSINESS_VALIDATION"",""IDENTITY_VALIDATION"",""AUTHORITY_VALIDATION"",""SYSTEM_DATA_CHECK"",""FINANCIAL_CHECK"",""FINAL_VERIFICATION""],""customer_safe_summary"":""The assessment cannot be completed until the requested information is supplied."",""prototype_data"":true,""production_write_performed"":false,""communication"":{""template_id"":""TPL-NMI"",""audience"":""CUSTOMER"",""subject"":""Additional information required for request AUTH-002"",""body"":""We are unable to complete the prototype assessment because the following information is missing or insufficient: AUTHORITY_LETTER. Please provide the requested information against reference AUTH-002. The case will remain paused until the information is received."",""status"":""DRAFT"",""approval_required"":true,""sent"":false}}",2026-09-26T06:52:43.000Z,0
DEC-AUTH-010-1,AUTH-010,1,MANUAL_REVIEW,TBD_POLICY,BUSINESS_ACTIVE; IDENTITY_VERIFIED; AUTHORITY_SCOPE_CLEAR; CREDIT_HOLD; TBD_POLICY,POLICY_REVIEW,,,Route the case to the policy owner. Do not automatically approve or reject.,The assessment identified information that requires review by an operations specialist. No final adverse decision has been made.,,TPL-MANUAL-REVIEW,"{""case_run_id"":""AUTH-010"",""case_id"":""AUTH-010"",""submission_version"":1,""country"":""AU"",""request_type"":""NEW_AUTHORISED_REPRESENTATIVE"",""business_name"":""Red Earth Demo Logistics Pty Ltd"",""business_identifier"":""AU-DEMO-BIZ-1006"",""customer_id"":""CUST-DEMO-AU-1006"",""representative_name"":""Jack Morgan"",""outcome"":""MANUAL_REVIEW"",""primary_reason_code"":""TBD_POLICY"",""secondary_reason_codes"":[""BUSINESS_ACTIVE"",""IDENTITY_VERIFIED"",""AUTHORITY_SCOPE_CLEAR"",""CREDIT_HOLD"",""TBD_POLICY""],""human_review_required"":true,""target_queue"":""POLICY_REVIEW"",""next_action"":""Route the case to the policy owner. Do not automatically approve or reject."",""communication_template_id"":""TPL-MANUAL-REVIEW"",""applied_rule_id"":""CTRL-001"",""triggering_tbd_rule"":""FIN-002"",""applied_rule_status"":""CONFIRMED_POC"",""missing_information"":[],""conflicts"":[],""assumptions_used"":[],""completed_checks"":[{""sequence"":1,""agent_id"":""SBO.05"",""utility_name"":""Document Extraction Agent"",""check_type"":""DOCUMENT_EXTRACTION"",""status"":""PASS"",""findings"":{""documents_expected"":3,""documents_present"":3,""missing"":[],""all_readable"":true},""reason_codes"":[],""evidence_references"":[""documents/AUTH-010""],""confidence"":0.98,""human_review_required"":false,""recommended_next_step"":""Continue to business validation"",""rule_ids"":[],""rule_status_used"":""CONFIRMED_POC""},{""sequence"":2,""agent_id"":""SBO.06"",""utility_name"":""Business Validation Utility"",""check_type"":""BUSINESS_VALIDATION"",""status"":""PASS"",""findings"":{""lookup_status"":""SUCCESS"",""registration_status"":""ACTIVE"",""name_match"":true,""identifier_match"":true},""reason_codes"":[""BUSINESS_ACTIVE""],""evidence_references"":[""Business_Register row for AU-DEMO-BIZ-1006""],""confidence"":1,""human_review_required"":false,""recommended_next_step"":""Continue to identity validation"",""rule_ids"":[""REG-001""],""rule_status_used"":""CONFIRMED_POC""},{""sequence"":3,""agent_id"":""SBO.07"",""utility_name"":""Identity & Authority Agent"",""check_type"":""IDENTITY_VALIDATION"",""status"":""PASS"",""findings"":{""name_match"":true,""identity_status"":""VALID_SYNTHETIC"",""expired"":false},""reason_codes"":[""IDENTITY_VERIFIED""],""evidence_references"":[""documents/AUTH-010/AUTH-010_Identity_Profile.pdf""],""confidence"":0.97,""human_review_required"":false,""recommended_next_step"":""Continue to authority validation"",""rule_ids"":[""ID-001""],""rule_status_used"":""CONFIRMED_POC""},{""sequence"":4,""agent_id"":""SBO.07"",""utility_name"":""Identity & Authority Agent"",""check_type"":""AUTHORITY_VALIDATION"",""status"":""PASS"",""findings"":{""representative_named"":true,""account_management"":true,""service_ordering"":true,""contract_signing"":true,""scope"":""CLEAR""},""reason_codes"":[""AUTHORITY_SCOPE_CLEAR""],""evidence_references"":[""documents/AUTH-010/AUTH-010_AUTHORITY_LETTER.pdf""],""confidence"":0.97,""human_review_required"":false,""recommended_next_step"":""Continue to system-data check"",""rule_ids"":[""AUTH-003""],""rule_status_used"":""CONFIRMED_POC""},{""sequence"":5,""agent_id"":""SBO.12"",""utility_name"":""System Data Check Agent"",""check_type"":""SYSTEM_DATA_CHECK"",""status"":""PASS"",""findings"":{""pid_count"":1,""legal_name_consistent"":true,""open_duplicate_request"":false},""reason_codes"":[],""evidence_references"":[""CRM_Accounts record for CUST-DEMO-AU-1006""],""confidence"":1,""human_review_required"":false,""recommended_next_step"":""Continue to financial check"",""rule_ids"":[],""rule_status_used"":""CONFIRMED_POC""},{""sequence"":6,""agent_id"":""SBO.09"",""utility_name"":""Financial Checks Agent"",""check_type"":""FINANCIAL_CHECK"",""status"":""INCONCLUSIVE"",""findings"":{""credit_hold"":true,""outstanding_amount"":12450,""policy_status"":""TBD""},""reason_codes"":[""CREDIT_HOLD"",""TBD_POLICY""],""evidence_references"":[""Financial_Records record for CUST-DEMO-AU-1006""],""confidence"":1,""human_review_required"":true,""recommended_next_step"":""Route to Policy/Credit Review"",""rule_ids"":[""FIN-002"",""CTRL-001""],""rule_status_used"":""TBD""}],""checks_not_run"":[""FINAL_VERIFICATION""],""customer_safe_summary"":""The assessment identified information that requires review by an operations specialist. No final adverse decision has been made."",""prototype_data"":true,""production_write_performed"":false,""communication"":{""template_id"":""TPL-MANUAL-REVIEW"",""audience"":""CUSTOMER"",""subject"":""Request AUTH-010 requires additional review"",""body"":""Thank you for your submission. The prototype assessment identified information that requires review by an operations specialist. No final adverse decision has been made. We will review the evidence and contact you if further information is required."",""status"":""DRAFT"",""approval_required"":true,""sent"":false}}",2026-09-26T06:52:43.000Z,1
DEC-AUTH-004-1,AUTH-004,1,REJECT,BUSINESS_INACTIVE,BUSINESS_INACTIVE,BUSINESS_VALIDATION_REVIEW,,,Stop automated progression and obtain human confirmation of final disposition,The prototype identified a condition that prevents automated progression. Human confirmation is required before final disposition.,Human review completed by Demo. Comments: Demo,TPL-REJECT,"{""case_run_id"":""AUTH-004"",""case_id"":""AUTH-004"",""submission_version"":1,""country"":""NZ"",""request_type"":""NEW_AUTHORISED_REPRESENTATIVE"",""business_name"":""Tui Peak Demo Services Limited"",""business_identifier"":""NZ-DEMO-BIZ-2002"",""customer_id"":""CUST-DEMO-NZ-2002"",""representative_name"":""Maia Thompson"",""result_source"":""RUNTIME"",""outcome"":""REJECT"",""primary_reason_code"":""BUSINESS_INACTIVE"",""secondary_reason_codes"":[""BUSINESS_INACTIVE""],""human_review_required"":true,""target_queue"":""BUSINESS_VALIDATION_REVIEW"",""next_action"":""Stop automated progression and obtain human confirmation of final disposition"",""communication_template_id"":""TPL-REJECT"",""applied_rule_id"":""REG-003"",""applied_rule_status"":""ASSUMPTION"",""governance_control_applied"":false,""triggering_tbd_rule"":null,""missing_information"":[],""conflicts"":[],""assumptions_used"":[""REG-003""],""completed_checks"":[{""sequence"":1,""agent_id"":""SBO.05"",""utility_name"":""Document Extraction Agent"",""check_type"":""DOCUMENT_EXTRACTION"",""status"":""PASS"",""findings"":{""documents_expected"":3,""documents_present"":3,""missing"":[],""all_readable"":true},""reason_codes"":[],""evidence_references"":[""documents/AUTH-004""],""confidence"":0.98,""human_review_required"":false,""recommended_next_step"":""Continue to business validation"",""rule_ids"":[],""rule_status_used"":""CONFIRMED_POC""},{""sequence"":2,""agent_id"":""SBO.06"",""utility_name"":""Business Validation Utility"",""check_type"":""BUSINESS_VALIDATION"",""status"":""FAIL"",""findings"":{""lookup_status"":""SUCCESS"",""registration_status"":""INACTIVE"",""name_match"":true},""reason_codes"":[""BUSINESS_INACTIVE""],""evidence_references"":[""Business_Register row for NZ-DEMO-BIZ-2002""],""confidence"":1,""human_review_required"":false,""recommended_next_step"":""Stop and route for business-status confirmation"",""rule_ids"":[""REG-003""],""rule_status_used"":""ASSUMPTION""}],""checks_not_run"":[""IDENTITY_VALIDATION"",""AUTHORITY_VALIDATION"",""SYSTEM_DATA_CHECK"",""FINANCIAL_CHECK"",""FINAL_VERIFICATION""],""customer_safe_summary"":""The prototype identified a condition that prevents automated progression. Human confirmation is required before final disposition."",""prototype_data"":true,""production_write_performed"":false,""communication"":{""template_id"":""TPL-REJECT"",""audience"":""CUSTOMER"",""subject"":""Update on authorised representative request AUTH-004"",""body"":""The prototype assessment identified a confirmed condition that prevents the request from progressing under the current demonstration rules. A human reviewer must confirm the final disposition. Reference: AUTH-004. This prototype has not made or executed a production decision."",""status"":""DRAFT"",""approval_required"":true,""sent"":false}}",2026-09-26T06:52:43.000Z,1
DEC-AUTH-008-V1-1,AUTH-008-V1,1,NEED_MORE_INFORMATION,AUTHORITY_SCOPE_INSUFFICIENT,BUSINESS_ACTIVE; IDENTITY_VERIFIED; AUTHORITY_SCOPE_INSUFFICIENT,CUSTOMER_ACTION,,,Request a revised authority letter with explicit scope,The assessment cannot be completed until the requested information is supplied.,,TPL-NMI,"{""case_run_id"":""AUTH-008-V1"",""case_id"":""AUTH-008"",""submission_version"":1,""country"":""AU"",""request_type"":""NEW_AUTHORISED_REPRESENTATIVE"",""business_name"":""Harbour Quartz Demo Consulting Pty Ltd"",""business_identifier"":""AU-DEMO-BIZ-1005"",""customer_id"":""CUST-DEMO-AU-1005"",""representative_name"":""Marcus Lee"",""outcome"":""NEED_MORE_INFORMATION"",""primary_reason_code"":""AUTHORITY_SCOPE_INSUFFICIENT"",""secondary_reason_codes"":[""BUSINESS_ACTIVE"",""IDENTITY_VERIFIED"",""AUTHORITY_SCOPE_INSUFFICIENT""],""human_review_required"":false,""target_queue"":""CUSTOMER_ACTION"",""next_action"":""Request a revised authority letter with explicit scope"",""communication_template_id"":""TPL-NMI"",""applied_rule_id"":""AUTH-005"",""triggering_tbd_rule"":null,""applied_rule_status"":""CONFIRMED_POC"",""missing_information"":[],""conflicts"":[],""assumptions_used"":[],""completed_checks"":[{""sequence"":1,""agent_id"":""SBO.05"",""utility_name"":""Document Extraction Agent"",""check_type"":""DOCUMENT_EXTRACTION"",""status"":""PASS"",""findings"":{""documents_expected"":3,""documents_present"":3,""missing"":[],""all_readable"":true},""reason_codes"":[],""evidence_references"":[""documents/AUTH-008-V1""],""confidence"":0.98,""human_review_required"":false,""recommended_next_step"":""Continue to business validation"",""rule_ids"":[],""rule_status_used"":""CONFIRMED_POC""},{""sequence"":2,""agent_id"":""SBO.06"",""utility_name"":""Business Validation Utility"",""check_type"":""BUSINESS_VALIDATION"",""status"":""PASS"",""findings"":{""lookup_status"":""SUCCESS"",""registration_status"":""ACTIVE"",""name_match"":true,""identifier_match"":true},""reason_codes"":[""BUSINESS_ACTIVE""],""evidence_references"":[""Business_Register row for AU-DEMO-BIZ-1005""],""confidence"":1,""human_review_required"":false,""recommended_next_step"":""Continue to identity validation"",""rule_ids"":[""REG-001""],""rule_status_used"":""CONFIRMED_POC""},{""sequence"":3,""agent_id"":""SBO.07"",""utility_name"":""Identity & Authority Agent"",""check_type"":""IDENTITY_VALIDATION"",""status"":""PASS"",""findings"":{""name_match"":true,""identity_status"":""VALID_SYNTHETIC"",""expired"":false},""reason_codes"":[""IDENTITY_VERIFIED""],""evidence_references"":[""documents/AUTH-008-V1/AUTH-008-V1_Identity_Profile.pdf""],""confidence"":0.97,""human_review_required"":false,""recommended_next_step"":""Continue to authority validation"",""rule_ids"":[""ID-001""],""rule_status_used"":""CONFIRMED_POC""},{""sequence"":4,""agent_id"":""SBO.07"",""utility_name"":""Identity & Authority Agent"",""check_type"":""AUTHORITY_VALIDATION"",""status"":""FAIL"",""findings"":{""representative_named"":true,""information_access"":true,""service_ordering"":false,""contract_signing"":false,""scope"":""INSUFFICIENT_BUT_REMEDIABLE""},""reason_codes"":[""AUTHORITY_SCOPE_INSUFFICIENT""],""evidence_references"":[""documents/AUTH-008-V1/AUTH-008-V1_AUTHORITY_LETTER_V1.pdf""],""confidence"":0.94,""human_review_required"":false,""recommended_next_step"":""Request revised authority letter"",""rule_ids"":[""AUTH-005""],""rule_status_used"":""CONFIRMED_POC""}],""checks_not_run"":[""SYSTEM_DATA_CHECK"",""FINANCIAL_CHECK"",""FINAL_VERIFICATION""],""customer_safe_summary"":""The assessment cannot be completed until the requested information is supplied."",""prototype_data"":true,""production_write_performed"":false,""communication"":{""template_id"":""TPL-NMI"",""audience"":""CUSTOMER"",""subject"":""Additional information required for request AUTH-008-V1"",""body"":""We are unable to complete the prototype assessment because the following information is missing or insufficient: None. Please provide the requested information against reference AUTH-008-V1. The case will remain paused until the information is received."",""status"":""DRAFT"",""approval_required"":true,""sent"":false}}",2026-09-26T06:52:43.000Z,0
DEC-AUTH-008-V2-2,AUTH-008-V2,2,APPROVE,ALL_CHECKS_PASSED,BUSINESS_ACTIVE; IDENTITY_VERIFIED; AUTHORITY_SCOPE_CLEAR; FINANCIAL_CHECK_CLEAR; FINAL_VERIFICATION_SUCCESSFUL,ORDER_READINESS,,,Mark case eligible to proceed; do not perform production write-back,The prototype assessment completed all mandatory checks successfully. The request is eligible to proceed to the next operational step.,,TPL-APPROVE,"{""case_run_id"":""AUTH-008-V2"",""case_id"":""AUTH-008"",""submission_version"":2,""country"":""AU"",""request_type"":""NEW_AUTHORISED_REPRESENTATIVE"",""business_name"":""Harbour Quartz Demo Consulting Pty Ltd"",""business_identifier"":""AU-DEMO-BIZ-1005"",""customer_id"":""CUST-DEMO-AU-1005"",""representative_name"":""Marcus Lee"",""outcome"":""APPROVE"",""primary_reason_code"":""ALL_CHECKS_PASSED"",""secondary_reason_codes"":[""BUSINESS_ACTIVE"",""IDENTITY_VERIFIED"",""AUTHORITY_SCOPE_CLEAR"",""FINANCIAL_CHECK_CLEAR"",""FINAL_VERIFICATION_SUCCESSFUL""],""human_review_required"":false,""target_queue"":""ORDER_READINESS"",""next_action"":""Mark case eligible to proceed; do not perform production write-back"",""communication_template_id"":""TPL-APPROVE"",""applied_rule_id"":""FINAL-001"",""triggering_tbd_rule"":null,""applied_rule_status"":""CONFIRMED_POC"",""missing_information"":[],""conflicts"":[],""assumptions_used"":[],""completed_checks"":[{""sequence"":1,""agent_id"":""SBO.05"",""utility_name"":""Document Extraction Agent"",""check_type"":""DOCUMENT_EXTRACTION"",""status"":""PASS"",""findings"":{""documents_expected"":3,""documents_present"":3,""missing"":[],""all_readable"":true},""reason_codes"":[],""evidence_references"":[""documents/AUTH-008-V2""],""confidence"":0.98,""human_review_required"":false,""recommended_next_step"":""Continue to business validation"",""rule_ids"":[],""rule_status_used"":""CONFIRMED_POC""},{""sequence"":2,""agent_id"":""SBO.06"",""utility_name"":""Business Validation Utility"",""check_type"":""BUSINESS_VALIDATION"",""status"":""PASS"",""findings"":{""lookup_status"":""SUCCESS"",""registration_status"":""ACTIVE"",""name_match"":true,""identifier_match"":true},""reason_codes"":[""BUSINESS_ACTIVE""],""evidence_references"":[""Business_Register row for AU-DEMO-BIZ-1005""],""confidence"":1,""human_review_required"":false,""recommended_next_step"":""Continue to identity validation"",""rule_ids"":[""REG-001""],""rule_status_used"":""CONFIRMED_POC""},{""sequence"":3,""agent_id"":""SBO.07"",""utility_name"":""Identity & Authority Agent"",""check_type"":""IDENTITY_VALIDATION"",""status"":""PASS"",""findings"":{""name_match"":true,""identity_status"":""VALID_SYNTHETIC"",""expired"":false},""reason_codes"":[""IDENTITY_VERIFIED""],""evidence_references"":[""documents/AUTH-008-V2/AUTH-008-V2_Identity_Profile.pdf""],""confidence"":0.97,""human_review_required"":false,""recommended_next_step"":""Continue to authority validation"",""rule_ids"":[""ID-001""],""rule_status_used"":""CONFIRMED_POC""},{""sequence"":4,""agent_id"":""SBO.07"",""utility_name"":""Identity & Authority Agent"",""check_type"":""AUTHORITY_VALIDATION"",""status"":""PASS"",""findings"":{""representative_named"":true,""account_management"":true,""service_ordering"":true,""contract_signing"":true,""scope"":""CLEAR""},""reason_codes"":[""AUTHORITY_SCOPE_CLEAR""],""evidence_references"":[""documents/AUTH-008-V2/AUTH-008-V2_AUTHORITY_LETTER_V2.pdf""],""confidence"":0.97,""human_review_required"":false,""recommended_next_step"":""Continue to system-data check"",""rule_ids"":[""AUTH-003""],""rule_status_used"":""CONFIRMED_POC""},{""sequence"":5,""agent_id"":""SBO.12"",""utility_name"":""System Data Check Agent"",""check_type"":""SYSTEM_DATA_CHECK"",""status"":""PASS"",""findings"":{""pid_count"":1,""legal_name_consistent"":true,""open_duplicate_request"":false},""reason_codes"":[],""evidence_references"":[""CRM_Accounts record for CUST-DEMO-AU-1005""],""confidence"":1,""human_review_required"":false,""recommended_next_step"":""Continue to financial check"",""rule_ids"":[],""rule_status_used"":""CONFIRMED_POC""},{""sequence"":6,""agent_id"":""SBO.09"",""utility_name"":""Financial Checks Agent"",""check_type"":""FINANCIAL_CHECK"",""status"":""PASS"",""findings"":{""credit_hold"":false,""total_outstanding"":0,""policy_exception"":false},""reason_codes"":[""FINANCIAL_CHECK_CLEAR""],""evidence_references"":[""Financial_Records record(s) for CUST-DEMO-AU-1005""],""confidence"":1,""human_review_required"":false,""recommended_next_step"":""Continue to final verification"",""rule_ids"":[""FIN-001""],""rule_status_used"":""CONFIRMED_POC""},{""sequence"":7,""agent_id"":""SBO.10"",""utility_name"":""Compliance Agent"",""check_type"":""FINAL_VERIFICATION"",""status"":""PASS"",""findings"":{""status"":""SUCCESSFUL"",""fraud_flag"":false,""manual_verification_required"":false},""reason_codes"":[""FINAL_VERIFICATION_SUCCESSFUL""],""evidence_references"":[""Mock final verification result for AUTH-008-V2""],""confidence"":1,""human_review_required"":false,""recommended_next_step"":""Apply final approval rule"",""rule_ids"":[""CMP-001""],""rule_status_used"":""CONFIRMED_POC""}],""checks_not_run"":[],""customer_safe_summary"":""The prototype assessment completed all mandatory checks successfully. The request is eligible to proceed to the next operational step."",""prototype_data"":true,""production_write_performed"":false,""communication"":{""template_id"":""TPL-APPROVE"",""audience"":""CUSTOMER"",""subject"":""Your authorised representative request AUTH-008-V2 is ready to proceed"",""body"":""Thank you for your submission. The prototype assessment found that the mandatory business, identity, authority, system, financial, and final-verification checks were completed successfully. Your request is eligible to proceed to the next operational step. This prototype has not updated any production system."",""status"":""DRAFT"",""approval_required"":true,""sent"":false}}",2026-09-26T06:52:43.000Z,0
DEC-AUTH-005-1,AUTH-005,1,MANUAL_REVIEW,DUPLICATE_RECORD_CONFLICT,DUPLICATE_RECORD_CONFLICT,DATA_RECONCILIATION,,Conflicting legal names exist across CRM records.; Another authority request is already open.,Route to Customer Data Reconciliation,The assessment identified information that requires review by an operations specialist. No final adverse decision has been made.,,TPL-MANUAL-REVIEW,"{""case_run_id"":""AUTH-005"",""case_id"":""AUTH-005"",""submission_version"":1,""country"":""AU"",""request_type"":""NEW_AUTHORISED_REPRESENTATIVE"",""business_name"":""Coral Grid Demo Solutions Pty Ltd"",""business_identifier"":""AU-DEMO-BIZ-1003"",""customer_id"":""CUST-DEMO-AU-1003"",""representative_name"":""Noah Patel"",""result_source"":""RUNTIME"",""outcome"":""MANUAL_REVIEW"",""primary_reason_code"":""DUPLICATE_RECORD_CONFLICT"",""secondary_reason_codes"":[""DUPLICATE_RECORD_CONFLICT""],""human_review_required"":true,""target_queue"":""DATA_RECONCILIATION"",""next_action"":""Route to Customer Data Reconciliation"",""communication_template_id"":""TPL-MANUAL-REVIEW"",""applied_rule_id"":""CRM-002"",""applied_rule_status"":""CONFIRMED_POC"",""governance_control_applied"":false,""triggering_tbd_rule"":null,""missing_information"":[],""conflicts"":[""Conflicting legal names exist across CRM records."",""Another authority request is already open.""],""assumptions_used"":[],""completed_checks"":[{""sequence"":5,""agent_id"":""SBO.12"",""utility_name"":""System Data Check Agent"",""check_type"":""SYSTEM_DATA_CHECK"",""status"":""INCONCLUSIVE"",""findings"":{""pid_count"":2,""duplicate_group"":""DUP-GRP-005"",""legal_name_conflict"":true,""open_duplicate_request"":true},""reason_codes"":[""DUPLICATE_RECORD_CONFLICT""],""evidence_references"":[""CRM_Accounts rows CRM-AUTH-005-A and CRM-AUTH-005-B""],""confidence"":1,""human_review_required"":false,""recommended_next_step"":""Route to Data Reconciliation"",""rule_ids"":[""CRM-002""],""rule_status_used"":""CONFIRMED_POC""},{""sequence"":5,""agent_id"":""SBO.12"",""utility_name"":""System Data Check Agent"",""check_type"":""SYSTEM_DATA_CHECK"",""status"":""INCONCLUSIVE"",""findings"":{""pid_count"":2,""duplicate_group"":""DUP-GRP-005"",""legal_name_conflict"":true,""open_duplicate_request"":true},""reason_codes"":[""DUPLICATE_RECORD_CONFLICT""],""evidence_references"":[""CRM_Accounts rows CRM-AUTH-005-A and CRM-AUTH-005-B""],""confidence"":1,""human_review_required"":false,""recommended_next_step"":""Route to Data Reconciliation"",""rule_ids"":[""CRM-002""],""rule_status_used"":""CONFIRMED_POC""},{""sequence"":5,""agent_id"":""SBO.12"",""utility_name"":""System Data Check Agent"",""check_type"":""SYSTEM_DATA_CHECK"",""status"":""INCONCLUSIVE"",""findings"":{""pid_count"":2,""duplicate_group"":""DUP-GRP-005"",""legal_name_conflict"":true,""open_duplicate_request"":true},""reason_codes"":[""DUPLICATE_RECORD_CONFLICT""],""evidence_references"":[""CRM_Accounts rows CRM-AUTH-005-A and CRM-AUTH-005-B""],""confidence"":1,""human_review_required"":false,""recommended_next_step"":""Route to Data Reconciliation"",""rule_ids"":[""CRM-002""],""rule_status_used"":""CONFIRMED_POC""},{""sequence"":5,""agent_id"":""SBO.12"",""utility_name"":""System Data Check Agent"",""check_type"":""SYSTEM_DATA_CHECK"",""status"":""INCONCLUSIVE"",""findings"":{""pid_count"":2,""duplicate_group"":""DUP-GRP-005"",""legal_name_conflict"":true,""open_duplicate_request"":true},""reason_codes"":[""DUPLICATE_RECORD_CONFLICT""],""evidence_references"":[""CRM_Accounts rows CRM-AUTH-005-A and CRM-AUTH-005-B""],""confidence"":1,""human_review_required"":false,""recommended_next_step"":""Route to Data Reconciliation"",""rule_ids"":[""CRM-002""],""rule_status_used"":""CONFIRMED_POC""}],""checks_not_run"":[""DOCUMENT_EXTRACTION"",""BUSINESS_VALIDATION"",""IDENTITY_VALIDATION"",""AUTHORITY_VALIDATION"",""FINANCIAL_CHECK"",""FINAL_VERIFICATION""],""customer_safe_summary"":""The assessment identified information that requires review by an operations specialist. No final adverse decision has been made."",""prototype_data"":true,""production_write_performed"":false,""communication"":{""template_id"":""TPL-MANUAL-REVIEW"",""audience"":""CUSTOMER"",""subject"":""Request AUTH-005 requires additional review"",""body"":""Thank you for your submission. The prototype assessment identified information that requires review by an operations specialist. No final adverse decision has been made. We will review the evidence and contact you if further information is required."",""status"":""DRAFT"",""approval_required"":true,""sent"":false}}",2026-09-26T06:52:43.000Z,1
DEC-AUTH-006-1,AUTH-006,1,REJECT,FINAL_VERIFICATION_FAILED,FINANCIAL_CHECK_CLEAR; FINAL_VERIFICATION_FAILED,COMPLIANCE_REVIEW,,,Stop automated progression and route for compliance confirmation,The prototype identified a condition that prevents automated progression. Human confirmation is required before final disposition.,,TPL-REJECT,"{""case_run_id"":""AUTH-006"",""case_id"":""AUTH-006"",""submission_version"":1,""country"":""NZ"",""request_type"":""NEW_AUTHORISED_REPRESENTATIVE"",""business_name"":""Fernline Demo Mobility Limited"",""business_identifier"":""NZ-DEMO-BIZ-2003"",""customer_id"":""CUST-DEMO-NZ-2003"",""representative_name"":""Aroha Kingi"",""result_source"":""RUNTIME"",""outcome"":""REJECT"",""primary_reason_code"":""FINAL_VERIFICATION_FAILED"",""secondary_reason_codes"":[""FINANCIAL_CHECK_CLEAR"",""FINAL_VERIFICATION_FAILED""],""human_review_required"":true,""target_queue"":""COMPLIANCE_REVIEW"",""next_action"":""Stop automated progression and route for compliance confirmation"",""communication_template_id"":""TPL-REJECT"",""applied_rule_id"":""CMP-002"",""applied_rule_status"":""ASSUMPTION"",""governance_control_applied"":false,""triggering_tbd_rule"":null,""missing_information"":[],""conflicts"":[],""assumptions_used"":[""CMP-002""],""completed_checks"":[{""sequence"":5,""agent_id"":""SBO.12"",""utility_name"":""System Data Check Agent"",""check_type"":""SYSTEM_DATA_CHECK"",""status"":""PASS"",""findings"":{""pid_count"":1,""legal_name_consistent"":true,""open_duplicate_request"":false},""reason_codes"":[],""evidence_references"":[""CRM_Accounts record for CUST-DEMO-NZ-2003""],""confidence"":1,""human_review_required"":false,""recommended_next_step"":""Continue to financial check"",""rule_ids"":[],""rule_status_used"":""CONFIRMED_POC""},{""sequence"":5,""agent_id"":""SBO.12"",""utility_name"":""System Data Check Agent"",""check_type"":""SYSTEM_DATA_CHECK"",""status"":""PASS"",""findings"":{""pid_count"":1,""legal_name_consistent"":true,""open_duplicate_request"":false},""reason_codes"":[],""evidence_references"":[""CRM_Accounts record for CUST-DEMO-NZ-2003""],""confidence"":1,""human_review_required"":false,""recommended_next_step"":""Continue to financial check"",""rule_ids"":[],""rule_status_used"":""CONFIRMED_POC""},{""sequence"":5,""agent_id"":""SBO.12"",""utility_name"":""System Data Check Agent"",""check_type"":""SYSTEM_DATA_CHECK"",""status"":""PASS"",""findings"":{""pid_count"":1,""legal_name_consistent"":true,""open_duplicate_request"":false},""reason_codes"":[],""evidence_references"":[""CRM_Accounts record for CUST-DEMO-NZ-2003""],""confidence"":1,""human_review_required"":false,""recommended_next_step"":""Continue to financial check"",""rule_ids"":[],""rule_status_used"":""CONFIRMED_POC""},{""sequence"":5,""agent_id"":""SBO.12"",""utility_name"":""System Data Check Agent"",""check_type"":""SYSTEM_DATA_CHECK"",""status"":""PASS"",""findings"":{""pid_count"":1,""legal_name_consistent"":true,""open_duplicate_request"":false},""reason_codes"":[],""evidence_references"":[""CRM_Accounts record for CUST-DEMO-NZ-2003""],""confidence"":1,""human_review_required"":false,""recommended_next_step"":""Continue to financial check"",""rule_ids"":[],""rule_status_used"":""CONFIRMED_POC""},{""sequence"":5,""agent_id"":""SBO.12"",""utility_name"":""System Data Check Agent"",""check_type"":""SYSTEM_DATA_CHECK"",""status"":""PASS"",""findings"":{""pid_count"":1,""legal_name_consistent"":true,""open_duplicate_request"":false},""reason_codes"":[],""evidence_references"":[""CRM_Accounts record for CUST-DEMO-NZ-2003""],""confidence"":1,""human_review_required"":false,""recommended_next_step"":""Continue to financial check"",""rule_ids"":[],""rule_status_used"":""CONFIRMED_POC""},{""sequence"":5,""agent_id"":""SBO.12"",""utility_name"":""System Data Check Agent"",""check_type"":""SYSTEM_DATA_CHECK"",""status"":""PASS"",""findings"":{""pid_count"":1,""legal_name_consistent"":true,""open_duplicate_request"":false},""reason_codes"":[],""evidence_references"":[""CRM_Accounts record for CUST-DEMO-NZ-2003""],""confidence"":1,""human_review_required"":false,""recommended_next_step"":""Continue to financial check"",""rule_ids"":[],""rule_status_used"":""CONFIRMED_POC""},{""sequence"":5,""agent_id"":""SBO.12"",""utility_name"":""System Data Check Agent"",""check_type"":""SYSTEM_DATA_CHECK"",""status"":""PASS"",""findings"":{""pid_count"":1,""legal_name_consistent"":true,""open_duplicate_request"":false},""reason_codes"":[],""evidence_references"":[""CRM_Accounts record for CUST-DEMO-NZ-2003""],""confidence"":1,""human_review_required"":false,""recommended_next_step"":""Continue to financial check"",""rule_ids"":[],""rule_status_used"":""CONFIRMED_POC""},{""sequence"":5,""agent_id"":""SBO.12"",""utility_name"":""System Data Check Agent"",""check_type"":""SYSTEM_DATA_CHECK"",""status"":""PASS"",""findings"":{""pid_count"":1,""legal_name_consistent"":true,""open_duplicate_request"":false},""reason_codes"":[],""evidence_references"":[""CRM_Accounts record for CUST-DEMO-NZ-2003""],""confidence"":1,""human_review_required"":false,""recommended_next_step"":""Continue to financial check"",""rule_ids"":[],""rule_status_used"":""CONFIRMED_POC""},{""sequence"":6,""agent_id"":""SBO.09"",""utility_name"":""Financial Checks Agent"",""check_type"":""FINANCIAL_CHECK"",""status"":""PASS"",""findings"":{""credit_hold"":false,""total_outstanding"":0,""policy_exception"":false},""reason_codes"":[""FINANCIAL_CHECK_CLEAR""],""evidence_references"":[""Financial_Records record(s) for CUST-DEMO-NZ-2003""],""confidence"":1,""human_review_required"":false,""recommended_next_step"":""Continue to final verification"",""rule_ids"":[""FIN-001""],""rule_status_used"":""CONFIRMED_POC""},{""sequence"":7,""agent_id"":""SBO.10"",""utility_name"":""Compliance Agent"",""check_type"":""FINAL_VERIFICATION"",""status"":""FAIL"",""findings"":{""status"":""UNSUCCESSFUL"",""synthetic_flag"":""SIMULATED_HIGH_RISK_PATTERN"",""customer_disclosure"":""GENERIC_ONLY""},""reason_codes"":[""FINAL_VERIFICATION_FAILED""],""evidence_references"":[""Mock final verification result for AUTH-006""],""confidence"":1,""human_review_required"":false,""recommended_next_step"":""Stop and route to Compliance Review"",""rule_ids"":[""CMP-002""],""rule_status_used"":""ASSUMPTION""}],""checks_not_run"":[""DOCUMENT_EXTRACTION"",""BUSINESS_VALIDATION"",""IDENTITY_VALIDATION"",""AUTHORITY_VALIDATION""],""customer_safe_summary"":""The prototype identified a condition that prevents automated progression. Human confirmation is required before final disposition."",""prototype_data"":true,""production_write_performed"":false,""communication"":{""template_id"":""TPL-REJECT"",""audience"":""CUSTOMER"",""subject"":""Update on authorised representative request AUTH-006"",""body"":""The prototype assessment identified a confirmed condition that prevents the request from progressing under the current demonstration rules. A human reviewer must confirm the final disposition. Reference: AUTH-006. This prototype has not made or executed a production decision."",""status"":""DRAFT"",""approval_required"":true,""sent"":false}}",2026-09-26T06:52:43.000Z,1
DEC-AUTH-007-1,AUTH-007,1,MANUAL_REVIEW,REGISTRY_UNAVAILABLE,REGISTRY_UNAVAILABLE,REGISTRY_VERIFICATION,,The business-register lookup is unavailable.,Route to Registry Verification queue; do not infer a failure,The assessment identified information that requires review by an operations specialist. No final adverse decision has been made.,,TPL-MANUAL-REVIEW,"{""case_run_id"":""AUTH-007"",""case_id"":""AUTH-007"",""submission_version"":1,""country"":""AU"",""request_type"":""NEW_AUTHORISED_REPRESENTATIVE"",""business_name"":""Southern Arc Demo Facilities Pty Ltd"",""business_identifier"":""AU-DEMO-BIZ-1004"",""customer_id"":""CUST-DEMO-AU-1004"",""representative_name"":""Chloe Nguyen"",""result_source"":""RUNTIME"",""outcome"":""MANUAL_REVIEW"",""primary_reason_code"":""REGISTRY_UNAVAILABLE"",""secondary_reason_codes"":[""REGISTRY_UNAVAILABLE""],""human_review_required"":true,""target_queue"":""REGISTRY_VERIFICATION"",""next_action"":""Route to Registry Verification queue; do not infer a failure"",""communication_template_id"":""TPL-MANUAL-REVIEW"",""applied_rule_id"":""REG-002"",""applied_rule_status"":""CONFIRMED_POC"",""governance_control_applied"":false,""triggering_tbd_rule"":null,""missing_information"":[],""conflicts"":[""The business-register lookup is unavailable.""],""assumptions_used"":[],""completed_checks"":[{""sequence"":1,""agent_id"":""SBO.05"",""utility_name"":""Document Extraction Agent"",""check_type"":""DOCUMENT_EXTRACTION"",""status"":""PASS"",""findings"":{""documents_expected"":3,""documents_present"":3,""missing"":[],""all_readable"":true},""reason_codes"":[],""evidence_references"":[""documents/AUTH-007""],""confidence"":0.98,""human_review_required"":false,""recommended_next_step"":""Continue to business validation"",""rule_ids"":[],""rule_status_used"":""CONFIRMED_POC""},{""sequence"":2,""agent_id"":""SBO.06"",""utility_name"":""Business Validation Utility"",""check_type"":""BUSINESS_VALIDATION"",""status"":""INCONCLUSIVE"",""findings"":{""lookup_status"":""UNAVAILABLE"",""business_identifier"":""AU-DEMO-BIZ-1004"",""conclusion"":""NO_CONCLUSION""},""reason_codes"":[""REGISTRY_UNAVAILABLE""],""evidence_references"":[""Business_Register row for AU-DEMO-BIZ-1004""],""confidence"":1,""human_review_required"":false,""recommended_next_step"":""Route to Registry Verification"",""rule_ids"":[""REG-002""],""rule_status_used"":""CONFIRMED_POC""}],""checks_not_run"":[""IDENTITY_VALIDATION"",""AUTHORITY_VALIDATION"",""SYSTEM_DATA_CHECK"",""FINANCIAL_CHECK"",""FINAL_VERIFICATION""],""customer_safe_summary"":""The assessment identified information that requires review by an operations specialist. No final adverse decision has been made."",""prototype_data"":true,""production_write_performed"":false,""communication"":{""template_id"":""TPL-MANUAL-REVIEW"",""audience"":""CUSTOMER"",""subject"":""Request AUTH-007 requires additional review"",""body"":""Thank you for your submission. The prototype assessment identified information that requires review by an operations specialist. No final adverse decision has been made. We will review the evidence and contact you if further information is required."",""status"":""DRAFT"",""approval_required"":true,""sent"":false}}",2026-09-26T06:52:43.000Z,1
DEC-AUTH-009-1,AUTH-009,1,MANUAL_REVIEW,PROMPT_INJECTION_DETECTED,PROMPT_INJECTION_DETECTED,SECURITY_REVIEW,,A document security flag requires specialist review.,Quarantine the document and route to Security Review,The assessment identified information that requires review by an operations specialist. No final adverse decision has been made.,,TPL-MANUAL-REVIEW,"{""case_run_id"":""AUTH-009"",""case_id"":""AUTH-009"",""submission_version"":1,""country"":""NZ"",""request_type"":""NEW_AUTHORISED_REPRESENTATIVE"",""business_name"":""Aoraki Lantern Demo Limited"",""business_identifier"":""NZ-DEMO-BIZ-2004"",""customer_id"":""CUST-DEMO-NZ-2004"",""representative_name"":""Sophie Williams"",""result_source"":""RUNTIME"",""outcome"":""MANUAL_REVIEW"",""primary_reason_code"":""PROMPT_INJECTION_DETECTED"",""secondary_reason_codes"":[""PROMPT_INJECTION_DETECTED""],""human_review_required"":true,""target_queue"":""SECURITY_REVIEW"",""next_action"":""Quarantine the document and route to Security Review"",""communication_template_id"":""TPL-MANUAL-REVIEW"",""applied_rule_id"":""SEC-001"",""applied_rule_status"":""CONFIRMED_POC"",""governance_control_applied"":false,""triggering_tbd_rule"":null,""missing_information"":[],""conflicts"":[""A document security flag requires specialist review.""],""assumptions_used"":[],""completed_checks"":[{""sequence"":1,""agent_id"":""SBO.05"",""utility_name"":""Document Extraction Agent"",""check_type"":""DOCUMENT_EXTRACTION_AND_SECURITY"",""status"":""INCONCLUSIVE"",""findings"":{""documents_read"":3,""mandatory_missing"":[],""security_flag"":""PROMPT_INJECTION_TEST_STRING""},""reason_codes"":[""PROMPT_INJECTION_DETECTED""],""evidence_references"":[""documents/AUTH-009/AUTH-009_AUTHORITY_LETTER.pdf""],""confidence"":0.99,""human_review_required"":false,""recommended_next_step"":""Quarantine and route to Security Review"",""rule_ids"":[""SEC-001""],""rule_status_used"":""CONFIRMED_POC""}],""checks_not_run"":[""DOCUMENT_EXTRACTION"",""BUSINESS_VALIDATION"",""IDENTITY_VALIDATION"",""AUTHORITY_VALIDATION"",""SYSTEM_DATA_CHECK"",""FINANCIAL_CHECK"",""FINAL_VERIFICATION""],""customer_safe_summary"":""The assessment identified information that requires review by an operations specialist. No final adverse decision has been made."",""prototype_data"":true,""production_write_performed"":false,""communication"":{""template_id"":""TPL-MANUAL-REVIEW"",""audience"":""CUSTOMER"",""subject"":""Request AUTH-009 requires additional review"",""body"":""Thank you for your submission. The prototype assessment identified information that requires review by an operations specialist. No final adverse decision has been made. We will review the evidence and contact you if further information is required."",""status"":""DRAFT"",""approval_required"":true,""sent"":false}}",2026-09-26T06:52:43.000Z,1
DEC-AUTH-001-1,AUTH-001,1,APPROVE,ALL_CHECKS_PASSED,BUSINESS_ACTIVE; IDENTITY_VERIFIED; AUTHORITY_SCOPE_CLEAR; FINANCIAL_CHECK_CLEAR; FINAL_VERIFICATION_SUCCESSFUL,ORDER_READINESS,,,Mark case eligible to proceed; do not perform production write-back,The prototype assessment completed all mandatory checks successfully. The request is eligible to proceed to the next operational step.,,TPL-APPROVE,"{""case_run_id"":""AUTH-001"",""case_id"":""AUTH-001"",""submission_version"":1,""country"":""AU"",""request_type"":""NEW_AUTHORISED_REPRESENTATIVE\n"",""business_name"":""Wattle Ridge Demo Networks Pty Ltd"",""business_identifier"":""AU-DEMO-BIZ-1001"",""customer_id"":""CUST-DEMO-AU-1001"",""representative_name"":""Emma Wilson"",""result_source"":""RUNTIME"",""outcome"":""APPROVE"",""primary_reason_code"":""ALL_CHECKS_PASSED"",""secondary_reason_codes"":[""BUSINESS_ACTIVE"",""IDENTITY_VERIFIED"",""AUTHORITY_SCOPE_CLEAR"",""FINANCIAL_CHECK_CLEAR"",""FINAL_VERIFICATION_SUCCESSFUL""],""human_review_required"":false,""target_queue"":""ORDER_READINESS"",""next_action"":""Mark case eligible to proceed; do not perform production write-back"",""communication_template_id"":""TPL-APPROVE"",""applied_rule_id"":""FINAL-001"",""applied_rule_status"":""CONFIRMED_POC"",""governance_control_applied"":false,""triggering_tbd_rule"":null,""missing_information"":[],""conflicts"":[],""assumptions_used"":[],""completed_checks"":[{""sequence"":1,""agent_id"":""SBO.05"",""utility_name"":""Document Extraction Agent"",""check_type"":""DOCUMENT_EXTRACTION"",""status"":""PASS"",""findings"":{""documents_expected"":3,""documents_present"":3,""missing"":[],""all_readable"":true},""reason_codes"":[],""evidence_references"":[""documents/AUTH-001""],""confidence"":0.98,""human_review_required"":false,""recommended_next_step"":""Continue to business validation"",""rule_ids"":[],""rule_status_used"":""CONFIRMED_POC""},{""sequence"":2,""agent_id"":""SBO.06"",""utility_name"":""Business Validation Utility"",""check_type"":""BUSINESS_VALIDATION"",""status"":""PASS"",""findings"":{""lookup_status"":""SUCCESS"",""registration_status"":""ACTIVE"",""name_match"":true,""identifier_match"":true},""reason_codes"":[""BUSINESS_ACTIVE""],""evidence_references"":[""Business_Register row for AU-DEMO-BIZ-1001""],""confidence"":1,""human_review_required"":false,""recommended_next_step"":""Continue to identity validation"",""rule_ids"":[""REG-001""],""rule_status_used"":""CONFIRMED_POC""},{""sequence"":3,""agent_id"":""SBO.07"",""utility_name"":""Identity & Authority Agent"",""check_type"":""IDENTITY_VALIDATION"",""status"":""PASS"",""findings"":{""name_match"":true,""identity_status"":""VALID_SYNTHETIC"",""expired"":false},""reason_codes"":[""IDENTITY_VERIFIED""],""evidence_references"":[""documents/AUTH-001/AUTH-001_Identity_Profile.pdf""],""confidence"":0.97,""human_review_required"":false,""recommended_next_step"":""Continue to authority validation"",""rule_ids"":[""ID-001""],""rule_status_used"":""CONFIRMED_POC""},{""sequence"":4,""agent_id"":""SBO.07"",""utility_name"":""Identity & Authority Agent"",""check_type"":""AUTHORITY_VALIDATION"",""status"":""PASS"",""findings"":{""representative_named"":true,""account_management"":true,""service_ordering"":true,""contract_signing"":true,""scope"":""CLEAR""},""reason_codes"":[""AUTHORITY_SCOPE_CLEAR""],""evidence_references"":[""documents/AUTH-001/AUTH-001_AUTHORITY_LETTER.pdf""],""confidence"":0.97,""human_review_required"":false,""recommended_next_step"":""Continue to system-data check"",""rule_ids"":[""AUTH-003""],""rule_status_used"":""CONFIRMED_POC""},{""sequence"":5,""agent_id"":""SBO.12"",""utility_name"":""System Data Check Agent"",""check_type"":""SYSTEM_DATA_CHECK"",""status"":""PASS"",""findings"":{""pid_count"":1,""legal_name_consistent"":true,""open_duplicate_request"":false},""reason_codes"":[],""evidence_references"":[""CRM_Accounts record for CUST-DEMO-AU-1001""],""confidence"":1,""human_review_required"":false,""recommended_next_step"":""Continue to financial check"",""rule_ids"":[],""rule_status_used"":""CONFIRMED_POC""},{""sequence"":6,""agent_id"":""SBO.09"",""utility_name"":""Financial Checks Agent"",""check_type"":""FINANCIAL_CHECK"",""status"":""PASS"",""findings"":{""credit_hold"":false,""total_outstanding"":0,""policy_exception"":false},""reason_codes"":[""FINANCIAL_CHECK_CLEAR""],""evidence_references"":[""Financial_Records record(s) for CUST-DEMO-AU-1001""],""confidence"":1,""human_review_required"":false,""recommended_next_step"":""Continue to final verification"",""rule_ids"":[""FIN-001""],""rule_status_used"":""CONFIRMED_POC""},{""sequence"":7,""agent_id"":""SBO.10"",""utility_name"":""Compliance Agent"",""check_type"":""FINAL_VERIFICATION"",""status"":""PASS"",""findings"":{""status"":""SUCCESSFUL"",""fraud_flag"":false,""manual_verification_required"":false},""reason_codes"":[""FINAL_VERIFICATION_SUCCESSFUL""],""evidence_references"":[""Mock final verification result for AUTH-001""],""confidence"":1,""human_review_required"":false,""recommended_next_step"":""Apply final approval rule"",""rule_ids"":[""CMP-001""],""rule_status_used"":""CONFIRMED_POC""}],""checks_not_run"":[],""customer_safe_summary"":""The prototype assessment completed all mandatory checks successfully. The request is eligible to proceed to the next operational step."",""prototype_data"":true,""production_write_performed"":false,""communication"":{""template_id"":""TPL-APPROVE"",""audience"":""CUSTOMER"",""subject"":""Your authorised representative request AUTH-001 is ready to proceed"",""body"":""Thank you for your submission. The prototype assessment found that the mandatory business, identity, authority, system, financial, and final-verification checks were completed successfully. Your request is eligible to proceed to the next operational step. This prototype has not updated any production system."",""status"":""DRAFT"",""approval_required"":true,""sent"":false}}",2026-09-26T06:52:43.000Z,0
DEC-AUTH-003-1,AUTH-003,1,MANUAL_REVIEW,MANDATORY_CHECKS_INCOMPLETE,BUSINESS_ACTIVE; IDENTITY_VERIFIED; ADDITIONAL_EVIDENCE_ACCEPTED; REVISED_AUTHORITY_LETTER_PRESENT; EXPLICIT_AUTHORITY_CLAUSES; AUTHORITY_SCOPE_AMBIGUOUS_RESOLVED,AGENT_OPERATIONS_REVIEW,,,Route to Agent Operations Review and rerun all mandatory checks,The assessment identified information that requires review by an operations specialist. No final adverse decision has been made.,,TPL-MANUAL-REVIEW,"{""case_run_id"":""AUTH-003"",""case_id"":""AUTH-003"",""submission_version"":1,""country"":""AU"",""request_type"":""NEW_AUTHORISED_REPRESENTATIVE"",""business_name"":""Bluegum Vector Demo Pty Ltd"",""business_identifier"":""AU-DEMO-BIZ-1002"",""customer_id"":""CUST-DEMO-AU-1002"",""representative_name"":""Liam Chen"",""result_source"":""RUNTIME"",""outcome"":""MANUAL_REVIEW"",""primary_reason_code"":""MANDATORY_CHECKS_INCOMPLETE"",""secondary_reason_codes"":[""BUSINESS_ACTIVE"",""IDENTITY_VERIFIED"",""ADDITIONAL_EVIDENCE_ACCEPTED"",""REVISED_AUTHORITY_LETTER_PRESENT"",""EXPLICIT_AUTHORITY_CLAUSES"",""AUTHORITY_SCOPE_AMBIGUOUS_RESOLVED""],""human_review_required"":true,""target_queue"":""AGENT_OPERATIONS_REVIEW"",""next_action"":""Route to Agent Operations Review and rerun all mandatory checks"",""communication_template_id"":""TPL-MANUAL-REVIEW"",""applied_rule_id"":""CTRL-003"",""applied_rule_status"":""CONFIRMED_POC"",""governance_control_applied"":true,""triggering_tbd_rule"":null,""missing_information"":[],""conflicts"":[],""assumptions_used"":[],""completed_checks"":[{""sequence"":1,""agent_id"":""SBO.05"",""utility_name"":""Document Extraction Agent"",""check_type"":""DOCUMENT_EXTRACTION"",""status"":""PASS"",""findings"":{""documents_expected"":3,""documents_present"":3,""missing"":[],""all_readable"":true},""reason_codes"":[],""evidence_references"":[""documents/AUTH-003""],""confidence"":0.98,""human_review_required"":false,""recommended_next_step"":""Continue to business validation"",""rule_ids"":[],""rule_status_used"":""CONFIRMED_POC""},{""sequence"":2,""agent_id"":""SBO.06"",""utility_name"":""Business Validation Utility"",""check_type"":""BUSINESS_VALIDATION"",""status"":""PASS"",""findings"":{""lookup_status"":""SUCCESS"",""registration_status"":""ACTIVE"",""name_match"":true,""identifier_match"":true},""reason_codes"":[""BUSINESS_ACTIVE""],""evidence_references"":[""Business_Register row for AU-DEMO-BIZ-1002""],""confidence"":1,""human_review_required"":false,""recommended_next_step"":""Continue to identity validation"",""rule_ids"":[""REG-001""],""rule_status_used"":""CONFIRMED_POC""},{""sequence"":3,""agent_id"":""SBO.07"",""utility_name"":""Identity & Authority Agent"",""check_type"":""IDENTITY_VALIDATION"",""status"":""PASS"",""findings"":{""name_match"":true,""identity_status"":""VALID_SYNTHETIC"",""expired"":false},""reason_codes"":[""IDENTITY_VERIFIED""],""evidence_references"":[""documents/AUTH-003/AUTH-003_Identity_Profile.pdf""],""confidence"":0.97,""human_review_required"":false,""recommended_next_step"":""Continue to authority validation"",""rule_ids"":[""ID-001""],""rule_status_used"":""CONFIRMED_POC""},{""sequence"":4,""agent_id"":""SBO.02"",""utility_name"":""Evidence Resolution Utility"",""check_type"":""AUTHORITY_VALIDATION"",""status"":""PASS"",""findings"":{""evidence_resolution"":true,""evidence_request_id"":""EVID-AUTH-003-V1-1790669715152"",""resolution_status"":""RESOLVED"",""resolved"":true,""supported_facts"":[""A revised Authorised Representative Letter was submitted with issue date 2026-09-29 and validity until 2027-09-28."",""The revised letter names Liam Chen as the authorised representative and lists his role as Office Manager."",""The revised letter contains explicit authority clauses granting Liam Chen the following permissions: (1) order new telecommunications services, (2) approve commercial commitments including quoted charges and service terms, (3) request and approve service or plan changes (additions, removals, migrations, upgrades, downgrades), and (4) execute and sign telecommunications service agreements and related service-order documentation."",""The revised letter states the authority applies specifically to authorised-representative case AUTH-003 and that it supersedes the earlier letter that only covered day-to-day enquiries and account administration."",""The revised letter is signed for and on behalf of the company by Olivia Martin - Demo Director and includes a synthetic approval reference AUTH-003-APPROVAL-PATH-001.""],""remaining_gaps"":[],""evidence_count"":2},""reason_codes"":[""ADDITIONAL_EVIDENCE_ACCEPTED"",""REVISED_AUTHORITY_LETTER_PRESENT"",""EXPLICIT_AUTHORITY_CLAUSES"",""AUTHORITY_SCOPE_AMBIGUOUS_RESOLVED""],""evidence_references"":[""EVIDENCE-AUTH-003-1790669761616"",""EVIDENCE-AUTH-003-1790669812222""],""confidence"":0.9,""human_review_required"":false,""recommended_next_step"":""Accept the revised authority letter as satisfying the requested 'Exact authority clause or revised authority document' for case AUTH-003. Proceed to grant Liam Chen the explicitly listed permissions (ordering services; approving commercial commitments; requesting/approving plan changes; executing/signing agreements) for the document's validity period and retain the revised letter in the case file."",""rule_ids"":[""EVID-001""],""rule_status_used"":""CONFIRMED_POC""}],""checks_not_run"":[""SYSTEM_DATA_CHECK"",""FINANCIAL_CHECK"",""FINAL_VERIFICATION""],""customer_safe_summary"":""The assessment identified information that requires review by an operations specialist. No final adverse decision has been made."",""prototype_data"":true,""production_write_performed"":false,""communication"":{""template_id"":""TPL-MANUAL-REVIEW"",""audience"":""CUSTOMER"",""subject"":""Request AUTH-003 requires additional review"",""body"":""Thank you for your submission. The prototype assessment identified information that requires review by an operations specialist. No final adverse decision has been made. We will review the evidence and contact you if further information is required."",""status"":""DRAFT"",""approval_required"":true,""sent"":false}}",2026-09-26T06:52:43.000Z,1