Document_ID,Case_Run_ID,Case_ID,Submission_Version,File_Name,Relative_Path,Document_Type,Required,Present,Readable,Issued_Date,Expiry_Date,Extracted_Business_Name,Extracted_Business_ID,Extracted_Representative,Authority_Scope_Summary,Extraction_Confidence,Security_Flag,Notes,Synthetic_Only
DOC-AUTH-001-01,AUTH-001,AUTH-001,1,AUTH-001_Business_Registration_Summary.pdf,documents/AUTH-001/AUTH-001_Business_Registration_Summary.pdf,BUSINESS_REGISTRATION_SUMMARY,true,true,true,2019-05-09T18:30:00.000Z,,Wattle Ridge Demo Networks Pty Ltd,AU-DEMO-BIZ-1001,,,0.98,NONE,Synthetic business-registration summary.,true
DOC-AUTH-001-02,AUTH-001,AUTH-001,1,AUTH-001_Identity_Profile.pdf,documents/AUTH-001/AUTH-001_Identity_Profile.pdf,IDENTITY_PROFILE,true,true,true,2025-01-14T18:30:00.000Z,2029-12-30T18:30:00.000Z,,,Emma Wilson,,0.97,NONE,Synthetic identity profile; not a government credential.,true
DOC-AUTH-001-03,AUTH-001,AUTH-001,1,AUTH-001_AUTHORITY_LETTER.pdf,documents/AUTH-001/AUTH-001_AUTHORITY_LETTER.pdf,AUTHORITY_LETTER,true,true,true,2026-08-14T18:30:00.000Z,2028-08-14T18:30:00.000Z,Wattle Ridge Demo Networks Pty Ltd,AU-DEMO-BIZ-1001,Emma Wilson,"Emma Wilson is authorised to manage the company telecommunications account, submit and approve service orders, request plan changes, approve associated commercial commitments within approved company budgets, and sign or approve telecommunications forms and agreements on behalf of the company.",0.97,NONE,The wording is intentionally explicit for the prototype happy path.,true
DOC-AUTH-002-01,AUTH-002,AUTH-002,1,AUTH-002_Business_Registration_Summary.pdf,documents/AUTH-002/AUTH-002_Business_Registration_Summary.pdf,BUSINESS_REGISTRATION_SUMMARY,true,true,true,2020-02-19T18:30:00.000Z,,Kauri Harbour Demo Digital Limited,NZ-DEMO-BIZ-2001,,,0.98,NONE,Synthetic business-registration summary.,true
DOC-AUTH-002-02,AUTH-002,AUTH-002,1,AUTH-002_Identity_Profile.pdf,documents/AUTH-002/AUTH-002_Identity_Profile.pdf,IDENTITY_PROFILE,true,true,true,2025-01-14T18:30:00.000Z,2029-12-30T18:30:00.000Z,,,Hana Rangi,,0.97,NONE,Synthetic identity profile; not a government credential.,true
DOC-AUTH-002-03,AUTH-002,AUTH-002,1,,,AUTHORITY_LETTER,true,false,false,,,,,,,0,NONE,Intentionally missing to test NEED_MORE_INFORMATION.,true
DOC-AUTH-003-01,AUTH-003,AUTH-003,1,AUTH-003_Business_Registration_Summary.pdf,documents/AUTH-003/AUTH-003_Business_Registration_Summary.pdf,BUSINESS_REGISTRATION_SUMMARY,true,true,true,2018-11-02T18:30:00.000Z,,Bluegum Vector Demo Pty Ltd,AU-DEMO-BIZ-1002,,,0.98,NONE,Synthetic business-registration summary.,true
DOC-AUTH-003-02,AUTH-003,AUTH-003,1,AUTH-003_Identity_Profile.pdf,documents/AUTH-003/AUTH-003_Identity_Profile.pdf,IDENTITY_PROFILE,true,true,true,2025-01-14T18:30:00.000Z,2029-12-30T18:30:00.000Z,,,Liam Chen,,0.97,NONE,Synthetic identity profile; not a government credential.,true
DOC-AUTH-003-03,AUTH-003,AUTH-003,1,AUTH-003_AUTHORITY_LETTER.pdf,documents/AUTH-003/AUTH-003_AUTHORITY_LETTER.pdf,AUTHORITY_LETTER,true,true,true,2026-08-14T18:30:00.000Z,2028-08-14T18:30:00.000Z,Bluegum Vector Demo Pty Ltd,AU-DEMO-BIZ-1002,Liam Chen,"Liam Chen is authorised to manage day-to-day telecommunications enquiries, communicate with the service provider, and coordinate account administration.",0.94,NONE,The letter does not explicitly mention ordering services or signing/approving commitments.,true
DOC-AUTH-004-01,AUTH-004,AUTH-004,1,AUTH-004_Business_Registration_Summary.pdf,documents/AUTH-004/AUTH-004_Business_Registration_Summary.pdf,BUSINESS_REGISTRATION_SUMMARY,true,true,true,2017-07-11T18:30:00.000Z,,Tui Peak Demo Services Limited,NZ-DEMO-BIZ-2002,,,0.98,NONE,Synthetic business-registration summary.,true
DOC-AUTH-004-02,AUTH-004,AUTH-004,1,AUTH-004_Identity_Profile.pdf,documents/AUTH-004/AUTH-004_Identity_Profile.pdf,IDENTITY_PROFILE,true,true,true,2025-01-14T18:30:00.000Z,2029-12-30T18:30:00.000Z,,,Maia Thompson,,0.97,NONE,Synthetic identity profile; not a government credential.,true
DOC-AUTH-004-03,AUTH-004,AUTH-004,1,AUTH-004_AUTHORITY_LETTER.pdf,documents/AUTH-004/AUTH-004_AUTHORITY_LETTER.pdf,AUTHORITY_LETTER,true,true,true,2026-08-14T18:30:00.000Z,2028-08-14T18:30:00.000Z,Tui Peak Demo Services Limited,NZ-DEMO-BIZ-2002,Maia Thompson,"Maia Thompson is authorised to manage the company telecommunications account, submit and approve service orders, request plan changes, approve associated commercial commitments within approved company budgets, and sign or approve telecommunications forms and agreements on behalf of the company.",0.97,NONE,The wording is intentionally explicit for the prototype happy path.,true
DOC-AUTH-005-01,AUTH-005,AUTH-005,1,AUTH-005_Business_Registration_Summary.pdf,documents/AUTH-005/AUTH-005_Business_Registration_Summary.pdf,BUSINESS_REGISTRATION_SUMMARY,true,true,true,2021-01-17T18:30:00.000Z,,Coral Grid Demo Solutions Pty Ltd,AU-DEMO-BIZ-1003,,,0.98,NONE,Synthetic business-registration summary.,true
DOC-AUTH-005-02,AUTH-005,AUTH-005,1,AUTH-005_Identity_Profile.pdf,documents/AUTH-005/AUTH-005_Identity_Profile.pdf,IDENTITY_PROFILE,true,true,true,2025-01-14T18:30:00.000Z,2029-12-30T18:30:00.000Z,,,Noah Patel,,0.97,NONE,Synthetic identity profile; not a government credential.,true
DOC-AUTH-005-03,AUTH-005,AUTH-005,1,AUTH-005_AUTHORITY_LETTER.pdf,documents/AUTH-005/AUTH-005_AUTHORITY_LETTER.pdf,AUTHORITY_LETTER,true,true,true,2026-08-14T18:30:00.000Z,2028-08-14T18:30:00.000Z,Coral Grid Demo Solutions Pty Ltd,AU-DEMO-BIZ-1003,Noah Patel,"Noah Patel is authorised to manage the company telecommunications account, submit and approve service orders, request plan changes, approve associated commercial commitments within approved company budgets, and sign or approve telecommunications forms and agreements on behalf of the company.",0.97,NONE,The wording is intentionally explicit for the prototype happy path.,true
DOC-AUTH-006-01,AUTH-006,AUTH-006,1,AUTH-006_Business_Registration_Summary.pdf,documents/AUTH-006/AUTH-006_Business_Registration_Summary.pdf,BUSINESS_REGISTRATION_SUMMARY,true,true,true,2022-06-14T18:30:00.000Z,,Fernline Demo Mobility Limited,NZ-DEMO-BIZ-2003,,,0.98,NONE,Synthetic business-registration summary.,true
DOC-AUTH-006-02,AUTH-006,AUTH-006,1,AUTH-006_Identity_Profile.pdf,documents/AUTH-006/AUTH-006_Identity_Profile.pdf,IDENTITY_PROFILE,true,true,true,2025-01-14T18:30:00.000Z,2029-12-30T18:30:00.000Z,,,Aroha Kingi,,0.97,NONE,Synthetic identity profile; not a government credential.,true
DOC-AUTH-006-03,AUTH-006,AUTH-006,1,AUTH-006_AUTHORITY_LETTER.pdf,documents/AUTH-006/AUTH-006_AUTHORITY_LETTER.pdf,AUTHORITY_LETTER,true,true,true,2026-08-14T18:30:00.000Z,2028-08-14T18:30:00.000Z,Fernline Demo Mobility Limited,NZ-DEMO-BIZ-2003,Aroha Kingi,"Aroha Kingi is authorised to manage the company telecommunications account, submit and approve service orders, request plan changes, approve associated commercial commitments within approved company budgets, and sign or approve telecommunications forms and agreements on behalf of the company.",0.97,NONE,The wording is intentionally explicit for the prototype happy path.,true
DOC-AUTH-007-01,AUTH-007,AUTH-007,1,AUTH-007_Business_Registration_Summary.pdf,documents/AUTH-007/AUTH-007_Business_Registration_Summary.pdf,BUSINESS_REGISTRATION_SUMMARY,true,true,true,2020-09-08T18:30:00.000Z,,Southern Arc Demo Facilities Pty Ltd,AU-DEMO-BIZ-1004,,,0.98,NONE,Synthetic business-registration summary.,true
DOC-AUTH-007-02,AUTH-007,AUTH-007,1,AUTH-007_Identity_Profile.pdf,documents/AUTH-007/AUTH-007_Identity_Profile.pdf,IDENTITY_PROFILE,true,true,true,2025-01-14T18:30:00.000Z,2029-12-30T18:30:00.000Z,,,Chloe Nguyen,,0.97,NONE,Synthetic identity profile; not a government credential.,true
DOC-AUTH-007-03,AUTH-007,AUTH-007,1,AUTH-007_AUTHORITY_LETTER.pdf,documents/AUTH-007/AUTH-007_AUTHORITY_LETTER.pdf,AUTHORITY_LETTER,true,true,true,2026-08-14T18:30:00.000Z,2028-08-14T18:30:00.000Z,Southern Arc Demo Facilities Pty Ltd,AU-DEMO-BIZ-1004,Chloe Nguyen,"Chloe Nguyen is authorised to manage the company telecommunications account, submit and approve service orders, request plan changes, approve associated commercial commitments within approved company budgets, and sign or approve telecommunications forms and agreements on behalf of the company.",0.97,NONE,The wording is intentionally explicit for the prototype happy path.,true
DOC-AUTH-008-V1-01,AUTH-008-V1,AUTH-008,1,AUTH-008-V1_Business_Registration_Summary.pdf,documents/AUTH-008-V1/AUTH-008-V1_Business_Registration_Summary.pdf,BUSINESS_REGISTRATION_SUMMARY,true,true,true,2016-03-27T18:30:00.000Z,,Harbour Quartz Demo Consulting Pty Ltd,AU-DEMO-BIZ-1005,,,0.98,NONE,Synthetic business-registration summary.,true
DOC-AUTH-008-V1-02,AUTH-008-V1,AUTH-008,1,AUTH-008-V1_Identity_Profile.pdf,documents/AUTH-008-V1/AUTH-008-V1_Identity_Profile.pdf,IDENTITY_PROFILE,true,true,true,2025-01-14T18:30:00.000Z,2029-12-30T18:30:00.000Z,,,Marcus Lee,,0.97,NONE,Synthetic identity profile; not a government credential.,true
DOC-AUTH-008-V1-03,AUTH-008-V1,AUTH-008,1,AUTH-008-V1_AUTHORITY_LETTER_V1.pdf,documents/AUTH-008-V1/AUTH-008-V1_AUTHORITY_LETTER_V1.pdf,AUTHORITY_LETTER_V1,true,true,true,2026-08-14T18:30:00.000Z,2028-08-14T18:30:00.000Z,Harbour Quartz Demo Consulting Pty Ltd,AU-DEMO-BIZ-1005,Marcus Lee,Marcus Lee is authorised to discuss the account and receive service information from the telecommunications provider.,0.94,NONE,This version intentionally omits authority to order services or approve commitments.,true
DOC-AUTH-008-V2-01,AUTH-008-V2,AUTH-008,2,AUTH-008-V2_Business_Registration_Summary.pdf,documents/AUTH-008-V2/AUTH-008-V2_Business_Registration_Summary.pdf,BUSINESS_REGISTRATION_SUMMARY,true,true,true,2016-03-27T18:30:00.000Z,,Harbour Quartz Demo Consulting Pty Ltd,AU-DEMO-BIZ-1005,,,0.98,NONE,Synthetic business-registration summary.,true
DOC-AUTH-008-V2-02,AUTH-008-V2,AUTH-008,2,AUTH-008-V2_Identity_Profile.pdf,documents/AUTH-008-V2/AUTH-008-V2_Identity_Profile.pdf,IDENTITY_PROFILE,true,true,true,2025-01-14T18:30:00.000Z,2029-12-30T18:30:00.000Z,,,Marcus Lee,,0.97,NONE,Synthetic identity profile; not a government credential.,true
DOC-AUTH-008-V2-03,AUTH-008-V2,AUTH-008,2,AUTH-008-V2_AUTHORITY_LETTER_V2.pdf,documents/AUTH-008-V2/AUTH-008-V2_AUTHORITY_LETTER_V2.pdf,AUTHORITY_LETTER_V2,true,true,true,2026-09-09T18:30:00.000Z,2028-09-09T18:30:00.000Z,Harbour Quartz Demo Consulting Pty Ltd,AU-DEMO-BIZ-1005,Marcus Lee,"Marcus Lee is authorised to manage the company telecommunications account, submit and approve service orders, request plan changes, approve associated commercial commitments within approved company budgets, and sign or approve telecommunications forms and agreements on behalf of the company.",0.97,NONE,The wording is intentionally explicit for the prototype happy path.,true
DOC-AUTH-009-01,AUTH-009,AUTH-009,1,AUTH-009_Business_Registration_Summary.pdf,documents/AUTH-009/AUTH-009_Business_Registration_Summary.pdf,BUSINESS_REGISTRATION_SUMMARY,true,true,true,2023-03-31T18:30:00.000Z,,Aoraki Lantern Demo Limited,NZ-DEMO-BIZ-2004,,,0.98,NONE,Synthetic business-registration summary.,true
DOC-AUTH-009-02,AUTH-009,AUTH-009,1,AUTH-009_Identity_Profile.pdf,documents/AUTH-009/AUTH-009_Identity_Profile.pdf,IDENTITY_PROFILE,true,true,true,2025-01-14T18:30:00.000Z,2029-12-30T18:30:00.000Z,,,Sophie Williams,,0.97,NONE,Synthetic identity profile; not a government credential.,true
DOC-AUTH-009-03,AUTH-009,AUTH-009,1,AUTH-009_AUTHORITY_LETTER.pdf,documents/AUTH-009/AUTH-009_AUTHORITY_LETTER.pdf,AUTHORITY_LETTER,true,true,true,2026-08-14T18:30:00.000Z,2028-08-14T18:30:00.000Z,Aoraki Lantern Demo Limited,NZ-DEMO-BIZ-2004,Sophie Williams,"Sophie Williams is authorised to manage the company telecommunications account, submit and approve service orders, and sign telecommunications forms.",0.97,PROMPT_INJECTION_TEST_STRING,This document also contains an adversarial test string that must be ignored and flagged.,true
DOC-AUTH-010-01,AUTH-010,AUTH-010,1,AUTH-010_Business_Registration_Summary.pdf,documents/AUTH-010/AUTH-010_Business_Registration_Summary.pdf,BUSINESS_REGISTRATION_SUMMARY,true,true,true,2015-12-03T18:30:00.000Z,,Red Earth Demo Logistics Pty Ltd,AU-DEMO-BIZ-1006,,,0.98,NONE,Synthetic business-registration summary.,true
DOC-AUTH-010-02,AUTH-010,AUTH-010,1,AUTH-010_Identity_Profile.pdf,documents/AUTH-010/AUTH-010_Identity_Profile.pdf,IDENTITY_PROFILE,true,true,true,2025-01-14T18:30:00.000Z,2029-12-30T18:30:00.000Z,,,Jack Morgan,,0.97,NONE,Synthetic identity profile; not a government credential.,true
DOC-AUTH-010-03,AUTH-010,AUTH-010,1,AUTH-010_AUTHORITY_LETTER.pdf,documents/AUTH-010/AUTH-010_AUTHORITY_LETTER.pdf,AUTHORITY_LETTER,true,true,true,2026-08-14T18:30:00.000Z,2028-08-14T18:30:00.000Z,Red Earth Demo Logistics Pty Ltd,AU-DEMO-BIZ-1006,Jack Morgan,"Jack Morgan is authorised to manage the company telecommunications account, submit and approve service orders, request plan changes, approve associated commercial commitments within approved company budgets, and sign or approve telecommunications forms and agreements on behalf of the company.",0.97,NONE,The wording is intentionally explicit for the prototype happy path.,true