Case_Run_ID,Sequence,Agent_ID,Utility_Name,Check_Type,Input_Source,Status,Findings_JSON,Reason_Codes,Evidence_References,Confidence,Human_Review_Required,Recommended_Next_Step,Rule_IDs,Rule_Status_Used,Synthetic_Only
AUTH-001,1,SBO.05,Document Extraction Agent,DOCUMENT_EXTRACTION,documents/AUTH-001,PASS,"{""documents_expected"":3,""documents_present"":3,""missing"":[],""all_readable"":true}",,documents/AUTH-001,0.98,false,Continue to business validation,,CONFIRMED_POC,true
AUTH-001,2,SBO.06,Business Validation Utility,BUSINESS_VALIDATION,Business_Register,PASS,"{""lookup_status"":""SUCCESS"",""registration_status"":""ACTIVE"",""name_match"":true,""identifier_match"":true}",BUSINESS_ACTIVE,Business_Register row for AU-DEMO-BIZ-1001,1,false,Continue to identity validation,REG-001,CONFIRMED_POC,true
AUTH-001,3,SBO.07,Identity & Authority Agent,IDENTITY_VALIDATION,documents/AUTH-001/AUTH-001_Identity_Profile.pdf,PASS,"{""name_match"":true,""identity_status"":""VALID_SYNTHETIC"",""expired"":false}",IDENTITY_VERIFIED,documents/AUTH-001/AUTH-001_Identity_Profile.pdf,0.97,false,Continue to authority validation,ID-001,CONFIRMED_POC,true
AUTH-001,4,SBO.07,Identity & Authority Agent,AUTHORITY_VALIDATION,documents/AUTH-001/AUTH-001_AUTHORITY_LETTER.pdf,PASS,"{""representative_named"":true,""account_management"":true,""service_ordering"":true,""contract_signing"":true,""scope"":""CLEAR""}",AUTHORITY_SCOPE_CLEAR,documents/AUTH-001/AUTH-001_AUTHORITY_LETTER.pdf,0.97,false,Continue to system-data check,AUTH-003,CONFIRMED_POC,true
AUTH-001,5,SBO.12,System Data Check Agent,SYSTEM_DATA_CHECK,CRM_Accounts,PASS,"{""pid_count"":1,""legal_name_consistent"":true,""open_duplicate_request"":false}",,CRM_Accounts record for CUST-DEMO-AU-1001,1,false,Continue to financial check,,CONFIRMED_POC,true
AUTH-001,6,SBO.09,Financial Checks Agent,FINANCIAL_CHECK,Financial_Records,PASS,"{""credit_hold"":false,""total_outstanding"":0.0,""policy_exception"":false}",FINANCIAL_CHECK_CLEAR,Financial_Records record(s) for CUST-DEMO-AU-1001,1,false,Continue to final verification,FIN-001,CONFIRMED_POC,true
AUTH-001,7,SBO.10,Compliance Agent,FINAL_VERIFICATION,Mock_Final_Verification,PASS,"{""status"":""SUCCESSFUL"",""fraud_flag"":false,""manual_verification_required"":false}",FINAL_VERIFICATION_SUCCESSFUL,Mock final verification result for AUTH-001,1,false,Apply final approval rule,CMP-001,CONFIRMED_POC,true
AUTH-002,1,SBO.05,Document Extraction Agent,DOCUMENT_EXTRACTION,documents/AUTH-002,FAIL,"{""documents_expected"":3,""documents_present"":2,""missing"":[""AUTHORITY_LETTER""],""all_readable"":true}",AUTHORITY_MISSING,documents/AUTH-002,0.99,false,Request authority letter,AUTH-002,CONFIRMED_POC,true
AUTH-002,2,SBO.06,Business Validation Utility,BUSINESS_VALIDATION,Not run after missing mandatory evidence,NOT_RUN,"{""reason"":""Mandatory authority evidence missing""}",,,0,false,Await customer submission,,N/A,true
AUTH-002,3,SBO.07,Identity & Authority Agent,IDENTITY_VALIDATION,Not run after missing mandatory evidence,NOT_RUN,"{""reason"":""Mandatory authority evidence missing""}",,,0,false,Await customer submission,,N/A,true
AUTH-002,4,SBO.07,Identity & Authority Agent,AUTHORITY_VALIDATION,Not run after missing mandatory evidence,NOT_RUN,"{""reason"":""Mandatory authority evidence missing""}",,,0,false,Await customer submission,,N/A,true
AUTH-002,5,SBO.12,System Data Check Agent,SYSTEM_DATA_CHECK,Not run after missing mandatory evidence,NOT_RUN,"{""reason"":""Mandatory authority evidence missing""}",,,0,false,Await customer submission,,N/A,true
AUTH-002,6,SBO.09,Financial Checks Agent,FINANCIAL_CHECK,Not run after missing mandatory evidence,NOT_RUN,"{""reason"":""Mandatory authority evidence missing""}",,,0,false,Await customer submission,,N/A,true
AUTH-002,7,SBO.10,Compliance Agent,FINAL_VERIFICATION,Not run after missing mandatory evidence,NOT_RUN,"{""reason"":""Mandatory authority evidence missing""}",,,0,false,Await customer submission,,N/A,true
AUTH-003,1,SBO.05,Document Extraction Agent,DOCUMENT_EXTRACTION,documents/AUTH-003,PASS,"{""documents_expected"":3,""documents_present"":3,""missing"":[],""all_readable"":true}",,documents/AUTH-003,0.98,false,Continue to business validation,,CONFIRMED_POC,true
AUTH-003,2,SBO.06,Business Validation Utility,BUSINESS_VALIDATION,Business_Register,PASS,"{""lookup_status"":""SUCCESS"",""registration_status"":""ACTIVE"",""name_match"":true,""identifier_match"":true}",BUSINESS_ACTIVE,Business_Register row for AU-DEMO-BIZ-1002,1,false,Continue to identity validation,REG-001,CONFIRMED_POC,true
AUTH-003,3,SBO.07,Identity & Authority Agent,IDENTITY_VALIDATION,documents/AUTH-003/AUTH-003_Identity_Profile.pdf,PASS,"{""name_match"":true,""identity_status"":""VALID_SYNTHETIC"",""expired"":false}",IDENTITY_VERIFIED,documents/AUTH-003/AUTH-003_Identity_Profile.pdf,0.97,false,Continue to authority validation,ID-001,CONFIRMED_POC,true
AUTH-003,4,SBO.07,Identity & Authority Agent,AUTHORITY_VALIDATION,documents/AUTH-003/AUTH-003_AUTHORITY_LETTER.pdf,INCONCLUSIVE,"{""representative_named"":true,""account_enquiries"":true,""service_ordering"":false,""contract_signing"":false,""scope"":""AMBIGUOUS""}",AUTHORITY_SCOPE_AMBIGUOUS,documents/AUTH-003/AUTH-003_AUTHORITY_LETTER.pdf,0.94,true,Route to Authority Review,AUTH-004,CONFIRMED_POC,true
AUTH-003,5,SBO.12,System Data Check Agent,SYSTEM_DATA_CHECK,Not run after authority review trigger,NOT_RUN,"{""reason"":""Authority scope unresolved""}",,,0,false,Await Authority Review,,N/A,true
AUTH-003,6,SBO.09,Financial Checks Agent,FINANCIAL_CHECK,Not run after authority review trigger,NOT_RUN,"{""reason"":""Authority scope unresolved""}",,,0,false,Await Authority Review,,N/A,true
AUTH-003,7,SBO.10,Compliance Agent,FINAL_VERIFICATION,Not run after authority review trigger,NOT_RUN,"{""reason"":""Authority scope unresolved""}",,,0,false,Await Authority Review,,N/A,true
AUTH-004,1,SBO.05,Document Extraction Agent,DOCUMENT_EXTRACTION,documents/AUTH-004,PASS,"{""documents_expected"":3,""documents_present"":3,""missing"":[],""all_readable"":true}",,documents/AUTH-004,0.98,false,Continue to business validation,,CONFIRMED_POC,true
AUTH-004,2,SBO.06,Business Validation Utility,BUSINESS_VALIDATION,Business_Register,FAIL,"{""lookup_status"":""SUCCESS"",""registration_status"":""INACTIVE"",""name_match"":true}",BUSINESS_INACTIVE,Business_Register row for NZ-DEMO-BIZ-2002,1,true,Stop and route for business-status confirmation,REG-003,ASSUMPTION,true
AUTH-004,3,SBO.07,Identity & Authority Agent,IDENTITY_VALIDATION,Not run after business-status stop,NOT_RUN,"{""reason"":""Inactive business status triggered higher-priority rule""}",,,0,false,Await business-status review,,N/A,true
AUTH-004,4,SBO.07,Identity & Authority Agent,AUTHORITY_VALIDATION,Not run after business-status stop,NOT_RUN,"{""reason"":""Inactive business status triggered higher-priority rule""}",,,0,false,Await business-status review,,N/A,true
AUTH-004,5,SBO.12,System Data Check Agent,SYSTEM_DATA_CHECK,Not run after business-status stop,NOT_RUN,"{""reason"":""Inactive business status triggered higher-priority rule""}",,,0,false,Await business-status review,,N/A,true
AUTH-004,6,SBO.09,Financial Checks Agent,FINANCIAL_CHECK,Not run after business-status stop,NOT_RUN,"{""reason"":""Inactive business status triggered higher-priority rule""}",,,0,false,Await business-status review,,N/A,true
AUTH-004,7,SBO.10,Compliance Agent,FINAL_VERIFICATION,Not run after business-status stop,NOT_RUN,"{""reason"":""Inactive business status triggered higher-priority rule""}",,,0,false,Await business-status review,,N/A,true
AUTH-005,1,SBO.05,Document Extraction Agent,DOCUMENT_EXTRACTION,documents/AUTH-005,PASS,"{""documents_expected"":3,""documents_present"":3,""missing"":[],""all_readable"":true}",,documents/AUTH-005,0.98,false,Continue to business validation,,CONFIRMED_POC,true
AUTH-005,2,SBO.06,Business Validation Utility,BUSINESS_VALIDATION,Business_Register,PASS,"{""lookup_status"":""SUCCESS"",""registration_status"":""ACTIVE"",""name_match"":true,""identifier_match"":true}",BUSINESS_ACTIVE,Business_Register row for AU-DEMO-BIZ-1003,1,false,Continue to identity validation,REG-001,CONFIRMED_POC,true
AUTH-005,3,SBO.07,Identity & Authority Agent,IDENTITY_VALIDATION,documents/AUTH-005/AUTH-005_Identity_Profile.pdf,PASS,"{""name_match"":true,""identity_status"":""VALID_SYNTHETIC"",""expired"":false}",IDENTITY_VERIFIED,documents/AUTH-005/AUTH-005_Identity_Profile.pdf,0.97,false,Continue to authority validation,ID-001,CONFIRMED_POC,true
AUTH-005,4,SBO.07,Identity & Authority Agent,AUTHORITY_VALIDATION,documents/AUTH-005/AUTH-005_AUTHORITY_LETTER.pdf,PASS,"{""representative_named"":true,""account_management"":true,""service_ordering"":true,""contract_signing"":true,""scope"":""CLEAR""}",AUTHORITY_SCOPE_CLEAR,documents/AUTH-005/AUTH-005_AUTHORITY_LETTER.pdf,0.97,false,Continue to system-data check,AUTH-003,CONFIRMED_POC,true
AUTH-005,5,SBO.12,System Data Check Agent,SYSTEM_DATA_CHECK,CRM_Accounts,INCONCLUSIVE,"{""pid_count"":2,""duplicate_group"":""DUP-GRP-005"",""legal_name_conflict"":true,""open_duplicate_request"":true}",DUPLICATE_RECORD_CONFLICT,CRM_Accounts rows CRM-AUTH-005-A and CRM-AUTH-005-B,1,true,Route to Data Reconciliation,CRM-002,CONFIRMED_POC,true
AUTH-005,6,SBO.09,Financial Checks Agent,FINANCIAL_CHECK,Not run after data conflict,NOT_RUN,"{""reason"":""System data conflict unresolved""}",,,0,false,Await Data Reconciliation,,N/A,true
AUTH-005,7,SBO.10,Compliance Agent,FINAL_VERIFICATION,Not run after data conflict,NOT_RUN,"{""reason"":""System data conflict unresolved""}",,,0,false,Await Data Reconciliation,,N/A,true
AUTH-006,1,SBO.05,Document Extraction Agent,DOCUMENT_EXTRACTION,documents/AUTH-006,PASS,"{""documents_expected"":3,""documents_present"":3,""missing"":[],""all_readable"":true}",,documents/AUTH-006,0.98,false,Continue to business validation,,CONFIRMED_POC,true
AUTH-006,2,SBO.06,Business Validation Utility,BUSINESS_VALIDATION,Business_Register,PASS,"{""lookup_status"":""SUCCESS"",""registration_status"":""ACTIVE"",""name_match"":true,""identifier_match"":true}",BUSINESS_ACTIVE,Business_Register row for NZ-DEMO-BIZ-2003,1,false,Continue to identity validation,REG-001,CONFIRMED_POC,true
AUTH-006,3,SBO.07,Identity & Authority Agent,IDENTITY_VALIDATION,documents/AUTH-006/AUTH-006_Identity_Profile.pdf,PASS,"{""name_match"":true,""identity_status"":""VALID_SYNTHETIC"",""expired"":false}",IDENTITY_VERIFIED,documents/AUTH-006/AUTH-006_Identity_Profile.pdf,0.97,false,Continue to authority validation,ID-001,CONFIRMED_POC,true
AUTH-006,4,SBO.07,Identity & Authority Agent,AUTHORITY_VALIDATION,documents/AUTH-006/AUTH-006_AUTHORITY_LETTER.pdf,PASS,"{""representative_named"":true,""account_management"":true,""service_ordering"":true,""contract_signing"":true,""scope"":""CLEAR""}",AUTHORITY_SCOPE_CLEAR,documents/AUTH-006/AUTH-006_AUTHORITY_LETTER.pdf,0.97,false,Continue to system-data check,AUTH-003,CONFIRMED_POC,true
AUTH-006,5,SBO.12,System Data Check Agent,SYSTEM_DATA_CHECK,CRM_Accounts,PASS,"{""pid_count"":1,""legal_name_consistent"":true,""open_duplicate_request"":false}",,CRM_Accounts record for CUST-DEMO-NZ-2003,1,false,Continue to financial check,,CONFIRMED_POC,true
AUTH-006,6,SBO.09,Financial Checks Agent,FINANCIAL_CHECK,Financial_Records,PASS,"{""credit_hold"":false,""total_outstanding"":0.0,""policy_exception"":false}",FINANCIAL_CHECK_CLEAR,Financial_Records record(s) for CUST-DEMO-NZ-2003,1,false,Continue to final verification,FIN-001,CONFIRMED_POC,true
AUTH-006,7,SBO.10,Compliance Agent,FINAL_VERIFICATION,Mock_Final_Verification,FAIL,"{""status"":""UNSUCCESSFUL"",""synthetic_flag"":""SIMULATED_HIGH_RISK_PATTERN"",""customer_disclosure"":""GENERIC_ONLY""}",FINAL_VERIFICATION_FAILED,Mock final verification result for AUTH-006,1,true,Stop and route to Compliance Review,CMP-002,ASSUMPTION,true
AUTH-007,1,SBO.05,Document Extraction Agent,DOCUMENT_EXTRACTION,documents/AUTH-007,PASS,"{""documents_expected"":3,""documents_present"":3,""missing"":[],""all_readable"":true}",,documents/AUTH-007,0.98,false,Continue to business validation,,CONFIRMED_POC,true
AUTH-007,2,SBO.06,Business Validation Utility,BUSINESS_VALIDATION,Business_Register,INCONCLUSIVE,"{""lookup_status"":""UNAVAILABLE"",""business_identifier"":""AU-DEMO-BIZ-1004"",""conclusion"":""NO_CONCLUSION""}",REGISTRY_UNAVAILABLE,Business_Register row for AU-DEMO-BIZ-1004,1,true,Route to Registry Verification,REG-002,CONFIRMED_POC,true
AUTH-007,3,SBO.07,Identity & Authority Agent,IDENTITY_VALIDATION,Not run after registry exception,NOT_RUN,"{""reason"":""Registry verification unresolved""}",,,0,false,Await manual registry verification,,N/A,true
AUTH-007,4,SBO.07,Identity & Authority Agent,AUTHORITY_VALIDATION,Not run after registry exception,NOT_RUN,"{""reason"":""Registry verification unresolved""}",,,0,false,Await manual registry verification,,N/A,true
AUTH-007,5,SBO.12,System Data Check Agent,SYSTEM_DATA_CHECK,Not run after registry exception,NOT_RUN,"{""reason"":""Registry verification unresolved""}",,,0,false,Await manual registry verification,,N/A,true
AUTH-007,6,SBO.09,Financial Checks Agent,FINANCIAL_CHECK,Not run after registry exception,NOT_RUN,"{""reason"":""Registry verification unresolved""}",,,0,false,Await manual registry verification,,N/A,true
AUTH-007,7,SBO.10,Compliance Agent,FINAL_VERIFICATION,Not run after registry exception,NOT_RUN,"{""reason"":""Registry verification unresolved""}",,,0,false,Await manual registry verification,,N/A,true
AUTH-008-V1,1,SBO.05,Document Extraction Agent,DOCUMENT_EXTRACTION,documents/AUTH-008-V1,PASS,"{""documents_expected"":3,""documents_present"":3,""missing"":[],""all_readable"":true}",,documents/AUTH-008-V1,0.98,false,Continue to business validation,,CONFIRMED_POC,true
AUTH-008-V1,2,SBO.06,Business Validation Utility,BUSINESS_VALIDATION,Business_Register,PASS,"{""lookup_status"":""SUCCESS"",""registration_status"":""ACTIVE"",""name_match"":true,""identifier_match"":true}",BUSINESS_ACTIVE,Business_Register row for AU-DEMO-BIZ-1005,1,false,Continue to identity validation,REG-001,CONFIRMED_POC,true
AUTH-008-V1,3,SBO.07,Identity & Authority Agent,IDENTITY_VALIDATION,documents/AUTH-008-V1/AUTH-008-V1_Identity_Profile.pdf,PASS,"{""name_match"":true,""identity_status"":""VALID_SYNTHETIC"",""expired"":false}",IDENTITY_VERIFIED,documents/AUTH-008-V1/AUTH-008-V1_Identity_Profile.pdf,0.97,false,Continue to authority validation,ID-001,CONFIRMED_POC,true
AUTH-008-V1,4,SBO.07,Identity & Authority Agent,AUTHORITY_VALIDATION,documents/AUTH-008-V1/AUTH-008-V1_AUTHORITY_LETTER_V1.pdf,FAIL,"{""representative_named"":true,""information_access"":true,""service_ordering"":false,""contract_signing"":false,""scope"":""INSUFFICIENT_BUT_REMEDIABLE""}",AUTHORITY_SCOPE_INSUFFICIENT,documents/AUTH-008-V1/AUTH-008-V1_AUTHORITY_LETTER_V1.pdf,0.94,false,Request revised authority letter,AUTH-005,CONFIRMED_POC,true
AUTH-008-V1,5,SBO.12,System Data Check Agent,SYSTEM_DATA_CHECK,Not run pending resubmission,NOT_RUN,"{""reason"":""Revised authority evidence required""}",,,0,false,Await customer submission,,N/A,true
AUTH-008-V1,6,SBO.09,Financial Checks Agent,FINANCIAL_CHECK,Not run pending resubmission,NOT_RUN,"{""reason"":""Revised authority evidence required""}",,,0,false,Await customer submission,,N/A,true
AUTH-008-V1,7,SBO.10,Compliance Agent,FINAL_VERIFICATION,Not run pending resubmission,NOT_RUN,"{""reason"":""Revised authority evidence required""}",,,0,false,Await customer submission,,N/A,true
AUTH-008-V2,1,SBO.05,Document Extraction Agent,DOCUMENT_EXTRACTION,documents/AUTH-008-V2,PASS,"{""documents_expected"":3,""documents_present"":3,""missing"":[],""all_readable"":true}",,documents/AUTH-008-V2,0.98,false,Continue to business validation,,CONFIRMED_POC,true
AUTH-008-V2,2,SBO.06,Business Validation Utility,BUSINESS_VALIDATION,Business_Register,PASS,"{""lookup_status"":""SUCCESS"",""registration_status"":""ACTIVE"",""name_match"":true,""identifier_match"":true}",BUSINESS_ACTIVE,Business_Register row for AU-DEMO-BIZ-1005,1,false,Continue to identity validation,REG-001,CONFIRMED_POC,true
AUTH-008-V2,3,SBO.07,Identity & Authority Agent,IDENTITY_VALIDATION,documents/AUTH-008-V2/AUTH-008-V2_Identity_Profile.pdf,PASS,"{""name_match"":true,""identity_status"":""VALID_SYNTHETIC"",""expired"":false}",IDENTITY_VERIFIED,documents/AUTH-008-V2/AUTH-008-V2_Identity_Profile.pdf,0.97,false,Continue to authority validation,ID-001,CONFIRMED_POC,true
AUTH-008-V2,4,SBO.07,Identity & Authority Agent,AUTHORITY_VALIDATION,documents/AUTH-008-V2/AUTH-008-V2_AUTHORITY_LETTER_V2.pdf,PASS,"{""representative_named"":true,""account_management"":true,""service_ordering"":true,""contract_signing"":true,""scope"":""CLEAR""}",AUTHORITY_SCOPE_CLEAR,documents/AUTH-008-V2/AUTH-008-V2_AUTHORITY_LETTER_V2.pdf,0.97,false,Continue to system-data check,AUTH-003,CONFIRMED_POC,true
AUTH-008-V2,5,SBO.12,System Data Check Agent,SYSTEM_DATA_CHECK,CRM_Accounts,PASS,"{""pid_count"":1,""legal_name_consistent"":true,""open_duplicate_request"":false}",,CRM_Accounts record for CUST-DEMO-AU-1005,1,false,Continue to financial check,,CONFIRMED_POC,true
AUTH-008-V2,6,SBO.09,Financial Checks Agent,FINANCIAL_CHECK,Financial_Records,PASS,"{""credit_hold"":false,""total_outstanding"":0.0,""policy_exception"":false}",FINANCIAL_CHECK_CLEAR,Financial_Records record(s) for CUST-DEMO-AU-1005,1,false,Continue to final verification,FIN-001,CONFIRMED_POC,true
AUTH-008-V2,7,SBO.10,Compliance Agent,FINAL_VERIFICATION,Mock_Final_Verification,PASS,"{""status"":""SUCCESSFUL"",""fraud_flag"":false,""manual_verification_required"":false}",FINAL_VERIFICATION_SUCCESSFUL,Mock final verification result for AUTH-008-V2,1,false,Apply final approval rule,CMP-001,CONFIRMED_POC,true
AUTH-009,1,SBO.05,Document Extraction Agent,DOCUMENT_EXTRACTION_AND_SECURITY,documents/AUTH-009,INCONCLUSIVE,"{""documents_read"":3,""mandatory_missing"":[],""security_flag"":""PROMPT_INJECTION_TEST_STRING""}",PROMPT_INJECTION_DETECTED,documents/AUTH-009/AUTH-009_AUTHORITY_LETTER.pdf,0.99,true,Quarantine and route to Security Review,SEC-001,CONFIRMED_POC,true
AUTH-009,2,SBO.06,Business Validation Utility,BUSINESS_VALIDATION,Not run after security stop,NOT_RUN,"{""reason"":""Earlier security control stopped processing""}",,,0,false,Await Security Review,,N/A,true
AUTH-009,3,SBO.07,Identity & Authority Agent,IDENTITY_VALIDATION,Not run after security stop,NOT_RUN,"{""reason"":""Earlier security control stopped processing""}",,,0,false,Await Security Review,,N/A,true
AUTH-009,4,SBO.07,Identity & Authority Agent,AUTHORITY_VALIDATION,Not run after security stop,NOT_RUN,"{""reason"":""Earlier security control stopped processing""}",,,0,false,Await Security Review,,N/A,true
AUTH-009,5,SBO.12,System Data Check Agent,SYSTEM_DATA_CHECK,Not run after security stop,NOT_RUN,"{""reason"":""Earlier security control stopped processing""}",,,0,false,Await Security Review,,N/A,true
AUTH-009,6,SBO.09,Financial Checks Agent,FINANCIAL_CHECK,Not run after security stop,NOT_RUN,"{""reason"":""Earlier security control stopped processing""}",,,0,false,Await Security Review,,N/A,true
AUTH-009,7,SBO.10,Compliance Agent,FINAL_VERIFICATION,Not run after security stop,NOT_RUN,"{""reason"":""Earlier security control stopped processing""}",,,0,false,Await Security Review,,N/A,true
AUTH-010,1,SBO.05,Document Extraction Agent,DOCUMENT_EXTRACTION,documents/AUTH-010,PASS,"{""documents_expected"":3,""documents_present"":3,""missing"":[],""all_readable"":true}",,documents/AUTH-010,0.98,false,Continue to business validation,,CONFIRMED_POC,true
AUTH-010,2,SBO.06,Business Validation Utility,BUSINESS_VALIDATION,Business_Register,PASS,"{""lookup_status"":""SUCCESS"",""registration_status"":""ACTIVE"",""name_match"":true,""identifier_match"":true}",BUSINESS_ACTIVE,Business_Register row for AU-DEMO-BIZ-1006,1,false,Continue to identity validation,REG-001,CONFIRMED_POC,true
AUTH-010,3,SBO.07,Identity & Authority Agent,IDENTITY_VALIDATION,documents/AUTH-010/AUTH-010_Identity_Profile.pdf,PASS,"{""name_match"":true,""identity_status"":""VALID_SYNTHETIC"",""expired"":false}",IDENTITY_VERIFIED,documents/AUTH-010/AUTH-010_Identity_Profile.pdf,0.97,false,Continue to authority validation,ID-001,CONFIRMED_POC,true
AUTH-010,4,SBO.07,Identity & Authority Agent,AUTHORITY_VALIDATION,documents/AUTH-010/AUTH-010_AUTHORITY_LETTER.pdf,PASS,"{""representative_named"":true,""account_management"":true,""service_ordering"":true,""contract_signing"":true,""scope"":""CLEAR""}",AUTHORITY_SCOPE_CLEAR,documents/AUTH-010/AUTH-010_AUTHORITY_LETTER.pdf,0.97,false,Continue to system-data check,AUTH-003,CONFIRMED_POC,true
AUTH-010,5,SBO.12,System Data Check Agent,SYSTEM_DATA_CHECK,CRM_Accounts,PASS,"{""pid_count"":1,""legal_name_consistent"":true,""open_duplicate_request"":false}",,CRM_Accounts record for CUST-DEMO-AU-1006,1,false,Continue to financial check,,CONFIRMED_POC,true
AUTH-010,6,SBO.09,Financial Checks Agent,FINANCIAL_CHECK,Financial_Records,INCONCLUSIVE,"{""credit_hold"":true,""outstanding_amount"":12450.0,""policy_status"":""TBD""}",CREDIT_HOLD; TBD_POLICY,Financial_Records record for CUST-DEMO-AU-1006,1,true,Route to Policy/Credit Review,FIN-002; CTRL-001,TBD,true
AUTH-010,7,SBO.10,Compliance Agent,FINAL_VERIFICATION,Not run after TBD policy control,NOT_RUN,"{""reason"":""TBD financial policy requires human review""}",,,0,false,Await Policy Review,,N/A,true