Case_Run_ID,Case_ID,Submission_Version,Country,Request_Type,Channel,Business_Name_Submitted,Business_Identifier_Submitted,Customer_ID,Representative_Name,Representative_Role,Requested_Authority,Customer_Request_Narrative,Documents_Submitted,Submitted_At,Processing_Priority,Synthetic_Only
AUTH-002,AUTH-002,1,NZ,NEW_AUTHORISED_REPRESENTATIVE,B2B_PORTAL,Kauri Harbour Demo Digital Limited,NZ-DEMO-BIZ-2001,CUST-DEMO-NZ-2001,Hana Rangi,Commercial Operations Lead,Manage account; order services; approve plan changes; sign/approve telecom commitments,"Please add Hana Rangi as an authorised representative for Kauri Harbour Demo Digital Limited with the requested account, ordering, plan-change, and approval permissions.",BUSINESS_REGISTRATION_SUMMARY; IDENTITY_PROFILE,2026-09-16T03:30:00.000Z,STANDARD,true
AUTH-003,AUTH-003,1,AU,NEW_AUTHORISED_REPRESENTATIVE,CHANNEL_PARTNER,Bluegum Vector Demo Pty Ltd,AU-DEMO-BIZ-1002,CUST-DEMO-AU-1002,Liam Chen,Office Manager,Manage account; order services; approve plan changes; sign/approve telecom commitments,"Please add Liam Chen as an authorised representative for Bluegum Vector Demo Pty Ltd with the requested account, ordering, plan-change, and approval permissions.",BUSINESS_REGISTRATION_SUMMARY; IDENTITY_PROFILE; AUTHORITY_LETTER,2026-09-17T03:30:00.000Z,STANDARD,true
AUTH-004,AUTH-004,1,NZ,NEW_AUTHORISED_REPRESENTATIVE,SALES_PORTAL,Tui Peak Demo Services Limited,NZ-DEMO-BIZ-2002,CUST-DEMO-NZ-2002,Maia Thompson,Finance Manager,Manage account; order services; approve plan changes; sign/approve telecom commitments,"Please add Maia Thompson as an authorised representative for Tui Peak Demo Services Limited with the requested account, ordering, plan-change, and approval permissions.",BUSINESS_REGISTRATION_SUMMARY; IDENTITY_PROFILE; AUTHORITY_LETTER,2026-09-18T03:30:00.000Z,STANDARD,true
AUTH-005,AUTH-005,1,AU,NEW_AUTHORISED_REPRESENTATIVE,B2B_PORTAL,Coral Grid Demo Solutions Pty Ltd,AU-DEMO-BIZ-1003,CUST-DEMO-AU-1003,Noah Patel,IT Procurement Lead,Manage account; order services; approve plan changes; sign/approve telecom commitments,"Please add Noah Patel as an authorised representative for Coral Grid Demo Solutions Pty Ltd with the requested account, ordering, plan-change, and approval permissions.",BUSINESS_REGISTRATION_SUMMARY; IDENTITY_PROFILE; AUTHORITY_LETTER,2026-09-19T03:30:00.000Z,STANDARD,true
AUTH-006,AUTH-006,1,NZ,NEW_AUTHORISED_REPRESENTATIVE,SALES_PORTAL,Fernline Demo Mobility Limited,NZ-DEMO-BIZ-2003,CUST-DEMO-NZ-2003,Aroha Kingi,Head of Operations,Manage account; order services; approve plan changes; sign/approve telecom commitments,"Please add Aroha Kingi as an authorised representative for Fernline Demo Mobility Limited with the requested account, ordering, plan-change, and approval permissions.",BUSINESS_REGISTRATION_SUMMARY; IDENTITY_PROFILE; AUTHORITY_LETTER,2026-09-20T03:30:00.000Z,STANDARD,true
AUTH-007,AUTH-007,1,AU,NEW_AUTHORISED_REPRESENTATIVE,B2B_PORTAL,Southern Arc Demo Facilities Pty Ltd,AU-DEMO-BIZ-1004,CUST-DEMO-AU-1004,Chloe Nguyen,Facilities Director,Manage account; order services; approve plan changes; sign/approve telecom commitments,"Please add Chloe Nguyen as an authorised representative for Southern Arc Demo Facilities Pty Ltd with the requested account, ordering, plan-change, and approval permissions.",BUSINESS_REGISTRATION_SUMMARY; IDENTITY_PROFILE; AUTHORITY_LETTER,2026-09-21T03:30:00.000Z,STANDARD,true
AUTH-008-V1,AUTH-008,1,AU,NEW_AUTHORISED_REPRESENTATIVE,SALES_PORTAL,Harbour Quartz Demo Consulting Pty Ltd,AU-DEMO-BIZ-1005,CUST-DEMO-AU-1005,Marcus Lee,Commercial Manager,Manage account; order services; approve plan changes; sign/approve telecom commitments,"Please add Marcus Lee as an authorised representative for Harbour Quartz Demo Consulting Pty Ltd with the requested account, ordering, plan-change, and approval permissions.",BUSINESS_REGISTRATION_SUMMARY; IDENTITY_PROFILE; AUTHORITY_LETTER_V1,2026-09-22T03:30:00.000Z,STANDARD,true
AUTH-008-V2,AUTH-008,2,AU,NEW_AUTHORISED_REPRESENTATIVE,SALES_PORTAL,Harbour Quartz Demo Consulting Pty Ltd,AU-DEMO-BIZ-1005,CUST-DEMO-AU-1005,Marcus Lee,Commercial Manager,Manage account; order services; approve plan changes; sign/approve telecom commitments,"Please add Marcus Lee as an authorised representative for Harbour Quartz Demo Consulting Pty Ltd with the requested account, ordering, plan-change, and approval permissions.",BUSINESS_REGISTRATION_SUMMARY; IDENTITY_PROFILE; AUTHORITY_LETTER_V2,2026-09-23T03:30:00.000Z,STANDARD,true
AUTH-009,AUTH-009,1,NZ,NEW_AUTHORISED_REPRESENTATIVE,EMAIL,Aoraki Lantern Demo Limited,NZ-DEMO-BIZ-2004,CUST-DEMO-NZ-2004,Sophie Williams,Procurement Analyst,Manage account; order services; approve plan changes; sign/approve telecom commitments,"Please add Sophie Williams as an authorised representative for Aoraki Lantern Demo Limited with the requested account, ordering, plan-change, and approval permissions.",BUSINESS_REGISTRATION_SUMMARY; IDENTITY_PROFILE; AUTHORITY_LETTER,2026-09-24T03:30:00.000Z,STANDARD,true
AUTH-010,AUTH-010,1,AU,NEW_AUTHORISED_REPRESENTATIVE,CHANNEL_PARTNER,Red Earth Demo Logistics Pty Ltd,AU-DEMO-BIZ-1006,CUST-DEMO-AU-1006,Jack Morgan,Technology Manager,Manage account; order services; approve plan changes; sign/approve telecom commitments,"Please add Jack Morgan as an authorised representative for Red Earth Demo Logistics Pty Ltd with the requested account, ordering, plan-change, and approval permissions.",BUSINESS_REGISTRATION_SUMMARY; IDENTITY_PROFILE; AUTHORITY_LETTER,2026-09-25T03:30:00.000Z,STANDARD,true
AUTH-001,AUTH-001,1,AU,"NEW_AUTHORISED_REPRESENTATIVE
","SALES_PORTAL
",Wattle Ridge Demo Networks Pty Ltd,AU-DEMO-BIZ-1001,CUST-DEMO-AU-1001,Emma Wilson,Procurement Manager,Manage account; order services; approve plan changes; sign/approve telecom commitments,"Please add Emma Wilson as an authorised representative for Wattle Ridge Demo Networks Pty Ltd with the requested account, ordering, plan-change, and approval permissions.",BUSINESS_REGISTRATION_SUMMARY; IDENTITY_PROFILE; AUTHORITY_LETTER,2026-09-15T03:30:00.000Z,STANDARD,true