result_id,case_run_id,submission_version,sequence,agent_id,utility_name,check_type,status,findings_json,reason_codes,evidence_references,confidence,human_review_required,recommended_next_step,rule_ids,rule_status_used,created_at,superseded
RES-AUTH-001-1,AUTH-001,1,1,SBO.05,Document Extraction Agent,DOCUMENT_EXTRACTION,PASS,"{""documents_expected"":3,""documents_present"":3,""missing"":[],""all_readable"":true}",,documents/AUTH-001,0.98,false,Continue to business validation,,CONFIRMED_POC,2026-09-29T08:13:07.881Z,false
RES-AUTH-001-2,AUTH-001,1,2,SBO.06,Business Validation Utility,BUSINESS_VALIDATION,PASS,"{""lookup_status"":""SUCCESS"",""registration_status"":""ACTIVE"",""name_match"":true,""identifier_match"":true}",BUSINESS_ACTIVE,Business_Register row for AU-DEMO-BIZ-1001,1,false,Continue to identity validation,REG-001,CONFIRMED_POC,2026-09-29T08:13:11.109Z,false
RES-AUTH-001-3,AUTH-001,1,3,SBO.07,Identity & Authority Agent,IDENTITY_VALIDATION,PASS,"{""name_match"":true,""identity_status"":""VALID_SYNTHETIC"",""expired"":false}",IDENTITY_VERIFIED,documents/AUTH-001/AUTH-001_Identity_Profile.pdf,0.97,false,Continue to authority validation,ID-001,CONFIRMED_POC,2026-09-29T08:13:13.794Z,false
RES-AUTH-001-4,AUTH-001,1,4,SBO.07,Identity & Authority Agent,AUTHORITY_VALIDATION,PASS,"{""representative_named"":true,""account_management"":true,""service_ordering"":true,""contract_signing"":true,""scope"":""CLEAR""}",AUTHORITY_SCOPE_CLEAR,documents/AUTH-001/AUTH-001_AUTHORITY_LETTER.pdf,0.97,false,Continue to system-data check,AUTH-003,CONFIRMED_POC,2026-09-29T08:13:18.255Z,false
RES-AUTH-001-V1-SYSTEM_DATA_CHECK,AUTH-001,1,5,SBO.12,System Data Check Agent,SYSTEM_DATA_CHECK,PASS,"{""pid_count"":1,""legal_name_consistent"":true,""open_duplicate_request"":false}",,CRM_Accounts record for CUST-DEMO-AU-1001,1,false,Continue to financial check,,CONFIRMED_POC,2026-09-29T08:13:23.742Z,false
RES-AUTH-001-6,AUTH-001,1,6,SBO.09,Financial Checks Agent,FINANCIAL_CHECK,PASS,"{""credit_hold"":false,""total_outstanding"":0,""policy_exception"":false}",FINANCIAL_CHECK_CLEAR,Financial_Records record(s) for CUST-DEMO-AU-1001,1,false,Continue to final verification,FIN-001,CONFIRMED_POC,2026-09-29T08:13:26.628Z,false
RES-AUTH-001-7,AUTH-001,1,7,SBO.10,Compliance Agent,FINAL_VERIFICATION,PASS,"{""status"":""SUCCESSFUL"",""fraud_flag"":false,""manual_verification_required"":false}",FINAL_VERIFICATION_SUCCESSFUL,Mock final verification result for AUTH-001,1,false,Apply final approval rule,CMP-001,CONFIRMED_POC,2026-09-29T08:13:31.614Z,false
RES-AUTH-003-1,AUTH-003,1,1,SBO.05,Document Extraction Agent,DOCUMENT_EXTRACTION,PASS,"{""documents_expected"":3,""documents_present"":3,""missing"":[],""all_readable"":true}",,documents/AUTH-003,0.98,false,Continue to business validation,,CONFIRMED_POC,2026-09-29T08:14:39.115Z,false
RES-AUTH-003-2,AUTH-003,1,2,SBO.06,Business Validation Utility,BUSINESS_VALIDATION,PASS,"{""lookup_status"":""SUCCESS"",""registration_status"":""ACTIVE"",""name_match"":true,""identifier_match"":true}",BUSINESS_ACTIVE,Business_Register row for AU-DEMO-BIZ-1002,1,false,Continue to identity validation,REG-001,CONFIRMED_POC,2026-09-29T08:14:42.234Z,false
RES-AUTH-003-3,AUTH-003,1,3,SBO.07,Identity & Authority Agent,IDENTITY_VALIDATION,PASS,"{""name_match"":true,""identity_status"":""VALID_SYNTHETIC"",""expired"":false}",IDENTITY_VERIFIED,documents/AUTH-003/AUTH-003_Identity_Profile.pdf,0.97,false,Continue to authority validation,ID-001,CONFIRMED_POC,2026-09-29T08:14:44.249Z,false
RES-AUTH-003-V1-AUTHORITY_VALIDATION,AUTH-003,1,4,SBO.02,Evidence Resolution Utility,AUTHORITY_VALIDATION,PASS,"{""evidence_resolution"":true,""evidence_request_id"":""EVID-AUTH-003-V1-1790669715152"",""resolution_status"":""RESOLVED"",""resolved"":true,""supported_facts"":[""A revised Authorised Representative Letter was submitted with issue date 2026-09-29 and validity until 2027-09-28."",""The revised letter names Liam Chen as the authorised representative and lists his role as Office Manager."",""The revised letter contains explicit authority clauses granting Liam Chen the following permissions: (1) order new telecommunications services, (2) approve commercial commitments including quoted charges and service terms, (3) request and approve service or plan changes (additions, removals, migrations, upgrades, downgrades), and (4) execute and sign telecommunications service agreements and related service-order documentation."",""The revised letter states the authority applies specifically to authorised-representative case AUTH-003 and that it supersedes the earlier letter that only covered day-to-day enquiries and account administration."",""The revised letter is signed for and on behalf of the company by Olivia Martin - Demo Director and includes a synthetic approval reference AUTH-003-APPROVAL-PATH-001.""],""remaining_gaps"":[],""evidence_count"":2}",ADDITIONAL_EVIDENCE_ACCEPTED; REVISED_AUTHORITY_LETTER_PRESENT; EXPLICIT_AUTHORITY_CLAUSES; AUTHORITY_SCOPE_AMBIGUOUS_RESOLVED,EVIDENCE-AUTH-003-1790669761616; EVIDENCE-AUTH-003-1790669812222,0.9,false,Accept the revised authority letter as satisfying the requested 'Exact authority clause or revised authority document' for case AUTH-003. Proceed to grant Liam Chen the explicitly listed permissions (ordering services; approving commercial commitments; requesting/approving plan changes; executing/signing agreements) for the document's validity period and retain the revised letter in the case file.,EVID-001,CONFIRMED_POC,2026-09-29T08:17:16.327Z,false
RES-AUTH-003-V1-SYSTEM_DATA_CHECK,AUTH-003,1,5,SBO.12,System Data Check Agent,SYSTEM_DATA_CHECK,NOT_RUN,"{""reason"":""Authority scope unresolved""}",,,0,false,Await Authority Review,,N/A,2026-09-29T08:17:38.024Z,false